word_count,word_length,adv_count,adj_count,noun_count,verb_count,det_count,sentiment,named_entities_count,Truth value
8,4.0,0.0,1.0,4.0,1.0,1.0,-0.8591,0,
11,5.181818181818182,0.0,3.0,4.0,1.0,0.0,0.0,1,
18,4.5,0.0,5.0,4.0,2.0,2.0,0.0,4,
29,5.862068965517241,1.0,3.0,10.0,5.0,2.0,-0.7351,3,
14,4.714285714285714,0.0,1.0,5.0,3.0,1.0,0.5719,1,
6,5.5,0.0,1.0,5.0,0.0,0.0,-0.2732,0,
15,4.733333333333333,1.0,3.0,4.0,1.0,3.0,0.7713,2,
17,3.5294117647058822,1.0,1.0,7.0,2.0,2.0,0.0,2,
18,4.277777777777778,0.0,1.0,5.0,4.0,1.0,-0.2263,1,
21,5.428571428571429,0.0,2.0,11.0,3.0,1.0,-0.6908,2,
12,5.083333333333333,1.0,3.0,4.0,2.0,1.0,0.0,2,
20,4.85,0.0,1.0,5.0,5.0,2.0,0.0176,0,
20,3.9,0.0,2.0,7.0,5.0,0.0,0.0,2,
9,5.555555555555555,0.0,1.0,4.0,1.0,2.0,0.0,1,
13,4.6923076923076925,2.0,1.0,3.0,3.0,0.0,0.0,1,
16,5.5,0.0,4.0,6.0,3.0,2.0,-0.7096,1,
12,4.333333333333333,0.0,2.0,3.0,3.0,0.0,0.0,1,
15,4.466666666666667,1.0,2.0,7.0,1.0,0.0,-0.2023,1,
7,5.571428571428571,0.0,0.0,3.0,2.0,1.0,-0.6124,2,
10,4.0,2.0,0.0,4.0,2.0,0.0,0.0,1,
11,5.636363636363637,0.0,1.0,5.0,2.0,1.0,0.0,1,
9,5.888888888888889,0.0,1.0,4.0,1.0,1.0,0.0,1,
13,4.230769230769231,0.0,3.0,5.0,1.0,2.0,-0.7351,1,
16,5.0,1.0,3.0,5.0,1.0,2.0,0.0,2,
21,4.333333333333333,1.0,2.0,6.0,3.0,2.0,0.4939,3,
26,4.923076923076923,0.0,4.0,7.0,4.0,3.0,-0.6705,4,
15,4.866666666666666,0.0,4.0,4.0,1.0,3.0,0.7713,3,
16,5.375,1.0,2.0,7.0,2.0,1.0,-0.296,2,
12,4.416666666666667,0.0,2.0,5.0,2.0,0.0,0.1779,1,
11,5.0,0.0,0.0,6.0,2.0,1.0,-0.8442,2,
12,4.333333333333333,0.0,0.0,3.0,3.0,2.0,-0.4019,0,
12,5.25,2.0,0.0,5.0,1.0,1.0,0.0,2,
27,5.333333333333333,1.0,4.0,9.0,4.0,2.0,-0.5423,2,
11,5.0,2.0,1.0,4.0,1.0,0.0,-0.5106,1,
8,5.125,0.0,0.0,4.0,1.0,0.0,0.0,2,
11,3.5454545454545454,0.0,1.0,3.0,4.0,1.0,0.0,1,
14,5.357142857142857,0.0,0.0,6.0,2.0,2.0,-0.4939,2,
12,4.166666666666667,0.0,0.0,4.0,2.0,3.0,0.4939,1,
6,3.8333333333333335,0.0,2.0,2.0,1.0,0.0,0.0,1,
17,5.470588235294118,1.0,1.0,8.0,1.0,1.0,0.0516,1,
27,4.555555555555555,2.0,3.0,9.0,3.0,1.0,0.4939,4,
28,5.035714285714286,0.0,2.0,6.0,7.0,2.0,0.3612,1,
22,4.636363636363637,1.0,2.0,4.0,7.0,2.0,-0.9001,0,
11,4.727272727272728,0.0,2.0,5.0,1.0,2.0,0.1027,0,
9,4.444444444444445,0.0,2.0,3.0,1.0,2.0,0.5106,0,
16,5.125,0.0,3.0,9.0,1.0,1.0,0.0,1,
12,4.916666666666667,0.0,4.0,4.0,1.0,2.0,0.0,2,
14,5.071428571428571,1.0,4.0,4.0,2.0,0.0,-0.6326,1,
8,5.25,0.0,0.0,4.0,3.0,0.0,0.0,1,
21,4.190476190476191,0.0,2.0,4.0,5.0,1.0,-0.34,2,
29,4.241379310344827,2.0,0.0,10.0,5.0,1.0,0.0,3,
11,5.090909090909091,0.0,1.0,5.0,3.0,1.0,0.0,1,
6,5.833333333333333,0.0,1.0,2.0,1.0,0.0,-0.4939,0,
18,4.555555555555555,2.0,1.0,5.0,5.0,1.0,0.0,1,
9,4.888888888888889,0.0,0.0,4.0,2.0,0.0,0.0,3,
15,4.6,1.0,4.0,3.0,2.0,2.0,-0.3384,1,
24,4.0,0.0,4.0,9.0,2.0,3.0,0.0772,2,
7,4.714285714285714,1.0,0.0,3.0,3.0,0.0,0.0,1,
25,4.32,0.0,0.0,7.0,6.0,3.0,-0.743,2,
23,5.739130434782608,1.0,3.0,4.0,5.0,1.0,-0.5267,0,
29,3.896551724137931,1.0,4.0,9.0,3.0,3.0,0.5267,1,
16,5.0625,0.0,3.0,5.0,4.0,2.0,0.2023,1,
30,5.133333333333334,0.0,3.0,9.0,5.0,3.0,-0.4215,1,
14,5.357142857142857,0.0,0.0,7.0,2.0,0.0,0.0,4,
22,4.5,2.0,4.0,5.0,4.0,3.0,-0.743,2,
14,4.357142857142857,1.0,3.0,3.0,1.0,2.0,0.0,0,
15,4.6,1.0,1.0,6.0,2.0,0.0,0.6486,0,
23,4.521739130434782,1.0,2.0,9.0,4.0,1.0,0.4215,2,
10,4.9,0.0,2.0,3.0,1.0,2.0,-0.1027,1,
22,4.454545454545454,1.0,2.0,7.0,5.0,3.0,-0.8402,1,
8,3.75,0.0,1.0,2.0,1.0,0.0,-0.2732,1,
14,5.571428571428571,0.0,0.0,7.0,3.0,0.0,-0.34,1,
12,5.583333333333333,0.0,1.0,5.0,3.0,1.0,0.25,1,
27,4.111111111111111,1.0,3.0,8.0,3.0,2.0,0.6527,3,
20,4.55,2.0,1.0,6.0,5.0,2.0,-0.1531,2,
10,5.4,0.0,2.0,3.0,1.0,2.0,0.0,2,
25,3.84,1.0,2.0,7.0,4.0,3.0,0.0,2,
10,5.0,1.0,2.0,2.0,2.0,1.0,0.0,1,
10,4.5,0.0,1.0,3.0,2.0,2.0,0.296,0,
8,3.125,0.0,0.0,4.0,1.0,1.0,-0.296,1,
14,5.071428571428571,0.0,3.0,4.0,2.0,2.0,0.25,2,
12,5.0,0.0,2.0,4.0,2.0,1.0,0.0,3,
14,5.571428571428571,1.0,2.0,4.0,2.0,3.0,-0.7845,0,
12,4.25,0.0,2.0,4.0,3.0,1.0,0.0,1,
17,5.117647058823529,1.0,2.0,9.0,3.0,1.0,-0.4767,1,
22,4.954545454545454,1.0,4.0,8.0,2.0,3.0,-0.8271,0,
22,4.5,0.0,2.0,6.0,6.0,1.0,-0.7351,2,
20,4.75,0.0,1.0,9.0,1.0,2.0,-0.296,2,
13,3.923076923076923,1.0,1.0,6.0,2.0,1.0,0.5233,0,
17,4.411764705882353,1.0,1.0,5.0,5.0,1.0,-0.6249,1,
15,5.333333333333333,1.0,2.0,7.0,1.0,2.0,0.0,3,
23,4.782608695652174,1.0,4.0,7.0,4.0,2.0,-0.936,2,
9,4.0,1.0,1.0,5.0,1.0,1.0,0.0,1,
24,4.666666666666667,2.0,3.0,5.0,7.0,1.0,-0.7579,2,
17,4.705882352941177,0.0,2.0,7.0,1.0,3.0,-0.3182,2,
10,4.9,1.0,4.0,2.0,1.0,1.0,0.0,1,
13,4.846153846153846,0.0,1.0,4.0,3.0,1.0,-0.7717,1,
21,4.333333333333333,0.0,2.0,9.0,2.0,2.0,0.0,3,
11,4.727272727272728,1.0,2.0,4.0,2.0,0.0,0.0,0,
10,4.5,0.0,2.0,3.0,2.0,1.0,0.0,2,
15,5.533333333333333,2.0,0.0,6.0,2.0,1.0,0.0,3,
17,3.941176470588236,2.0,1.0,4.0,2.0,2.0,0.0,1,
11,4.363636363636363,0.0,1.0,3.0,3.0,1.0,-0.1531,0,
18,4.722222222222222,2.0,2.0,5.0,2.0,3.0,0.1027,0,
18,3.9444444444444446,2.0,0.0,4.0,4.0,2.0,-0.8207,1,
24,4.375,2.0,3.0,6.0,2.0,3.0,0.4939,1,
17,5.294117647058823,1.0,2.0,8.0,1.0,3.0,-0.34,0,
8,5.375,0.0,1.0,3.0,2.0,1.0,0.4019,0,
24,4.208333333333333,0.0,0.0,9.0,4.0,2.0,-0.5423,2,
12,4.666666666666667,2.0,0.0,5.0,2.0,1.0,0.34,2,
17,5.352941176470588,1.0,1.0,6.0,5.0,1.0,0.5719,0,
17,4.352941176470588,0.0,1.0,5.0,4.0,2.0,0.128,1,
8,4.25,0.0,2.0,4.0,2.0,0.0,0.0258,1,
16,4.25,0.0,2.0,7.0,2.0,0.0,0.0,1,
21,3.857142857142857,1.0,3.0,5.0,3.0,3.0,0.0,1,
8,4.875,0.0,1.0,3.0,1.0,1.0,0.0,1,
15,4.8,0.0,2.0,5.0,3.0,1.0,-0.296,2,
16,4.4375,0.0,4.0,5.0,2.0,1.0,-0.296,1,
12,4.083333333333333,1.0,2.0,3.0,1.0,2.0,0.0,0,
8,5.375,2.0,1.0,2.0,1.0,1.0,0.0,3,
14,5.714285714285714,1.0,0.0,7.0,1.0,1.0,0.0,2,
12,4.333333333333333,0.0,0.0,6.0,3.0,2.0,0.0,2,
10,4.4,0.0,1.0,5.0,2.0,1.0,0.0,3,
11,4.090909090909091,0.0,2.0,3.0,2.0,2.0,0.0,1,
17,4.882352941176471,0.0,2.0,4.0,3.0,1.0,0.0,2,
19,4.052631578947368,1.0,0.0,7.0,3.0,3.0,-0.8316,2,
13,3.923076923076923,0.0,0.0,5.0,3.0,2.0,-0.2263,1,
16,4.4375,0.0,1.0,7.0,4.0,1.0,-0.3612,3,
17,4.411764705882353,0.0,1.0,6.0,4.0,1.0,0.128,1,
26,5.038461538461538,1.0,1.0,8.0,5.0,2.0,0.0,1,
20,4.65,0.0,4.0,9.0,2.0,1.0,0.0,4,
14,4.214285714285714,0.0,0.0,4.0,5.0,1.0,0.3612,1,
11,4.545454545454546,0.0,0.0,6.0,3.0,0.0,0.3612,1,
15,4.733333333333333,1.0,2.0,6.0,0.0,2.0,0.5413,2,
14,4.0,2.0,2.0,3.0,2.0,1.0,0.0,0,
13,4.846153846153846,0.0,2.0,5.0,3.0,1.0,-0.4404,0,
14,4.285714285714286,0.0,3.0,4.0,1.0,3.0,0.4215,1,
16,4.5,1.0,3.0,3.0,3.0,1.0,-0.6124,1,
8,3.875,1.0,0.0,3.0,1.0,1.0,0.0,1,
21,4.142857142857143,2.0,1.0,4.0,5.0,2.0,-0.4404,0,
20,4.0,0.0,2.0,4.0,5.0,3.0,-0.5574,0,
26,4.307692307692308,1.0,3.0,7.0,5.0,3.0,0.4404,0,
16,4.8125,1.0,1.0,7.0,1.0,2.0,0.5417,0,
8,4.625,0.0,0.0,3.0,2.0,0.0,-0.2732,0,
18,4.555555555555555,0.0,1.0,7.0,2.0,3.0,0.5994,1,
20,5.5,1.0,3.0,6.0,3.0,3.0,0.4404,1,
11,4.909090909090909,1.0,1.0,3.0,2.0,0.0,0.0,0,
20,4.9,0.0,1.0,5.0,5.0,2.0,-0.0772,0,
19,4.578947368421052,1.0,4.0,5.0,3.0,0.0,-0.3384,2,
12,4.75,0.0,2.0,4.0,1.0,2.0,-0.5994,3,
6,5.166666666666667,1.0,0.0,1.0,3.0,0.0,0.4019,1,
19,4.105263157894737,0.0,1.0,5.0,5.0,1.0,-0.2732,0,
10,4.6,0.0,2.0,3.0,1.0,0.0,0.0,0,
12,4.5,1.0,0.0,3.0,5.0,0.0,0.25,0,0.0
11,5.454545454545454,1.0,2.0,4.0,1.0,0.0,-0.7184,2,0.0
16,4.6875,0.0,0.0,7.0,5.0,0.0,-0.6124,2,0.0
10,4.7,1.0,2.0,3.0,2.0,0.0,0.0,0,0.0
23,4.478260869565218,0.0,0.0,7.0,7.0,1.0,0.0,3,0.0
23,5.173913043478261,1.0,2.0,8.0,4.0,2.0,-0.886,2,0.0
19,3.631578947368421,2.0,2.0,5.0,4.0,2.0,0.0,0,
20,5.05,0.0,2.0,6.0,3.0,2.0,-0.4404,1,0.0
14,4.0,0.0,1.0,6.0,1.0,1.0,-0.4215,1,0.0
9,5.444444444444445,0.0,1.0,2.0,2.0,1.0,-0.4588,0,0.0
30,4.633333333333334,1.0,3.0,8.0,5.0,3.0,0.0772,0,0.0
15,4.133333333333334,1.0,3.0,3.0,4.0,1.0,0.0,1,0.0
21,4.904761904761905,1.0,4.0,5.0,4.0,1.0,0.0,2,0.0
19,5.052631578947368,2.0,2.0,7.0,2.0,2.0,0.6249,2,0.0
17,4.0588235294117645,0.0,2.0,5.0,5.0,1.0,-0.3612,0,0.0
17,5.764705882352941,2.0,3.0,5.0,3.0,1.0,-0.4404,1,0.0
16,5.0625,2.0,1.0,3.0,6.0,0.0,-0.5574,1,0.0
18,5.0,1.0,1.0,6.0,5.0,2.0,-0.8834,0,0.0
16,4.4375,1.0,1.0,6.0,3.0,3.0,-0.743,1,0.0
23,4.826086956521739,2.0,1.0,8.0,6.0,1.0,-0.3818,3,0.0
14,4.857142857142857,2.0,0.0,5.0,2.0,0.0,0.0,1,0.0
19,4.894736842105263,0.0,2.0,8.0,4.0,1.0,-0.6908,2,0.0
11,5.545454545454546,0.0,2.0,3.0,3.0,0.0,-0.4588,1,0.0
19,5.421052631578948,0.0,1.0,9.0,3.0,2.0,0.296,2,0.0
24,4.166666666666667,1.0,2.0,7.0,2.0,2.0,-0.7906,2,0.0
11,4.181818181818182,2.0,2.0,2.0,1.0,2.0,0.25,0,0.0
8,3.25,0.0,1.0,2.0,1.0,2.0,0.2023,0,0.0
19,5.105263157894737,2.0,2.0,6.0,2.0,0.0,0.1901,4,0.0
11,4.909090909090909,1.0,2.0,4.0,1.0,0.0,-0.5106,1,0.0
10,5.1,0.0,1.0,5.0,1.0,1.0,-0.5859,1,0.0
23,5.0,0.0,3.0,5.0,4.0,1.0,0.0,0,0.0
8,4.875,0.0,0.0,2.0,1.0,2.0,-0.296,0,0.0
14,5.857142857142857,0.0,2.0,4.0,3.0,1.0,0.2732,1,0.0
21,4.095238095238095,1.0,1.0,9.0,1.0,2.0,0.3612,3,0.0
20,5.2,1.0,2.0,5.0,4.0,2.0,-0.6369,1,0.0
11,5.181818181818182,1.0,1.0,5.0,1.0,0.0,0.4019,0,
8,4.375,0.0,0.0,3.0,2.0,2.0,0.0,0,
10,4.9,2.0,1.0,2.0,1.0,2.0,0.0,0,
25,3.96,0.0,1.0,8.0,4.0,3.0,-0.6908,0,
22,4.5,1.0,2.0,5.0,4.0,2.0,0.0,0,0.0
18,5.777777777777778,0.0,3.0,8.0,4.0,1.0,-0.4404,3,0.0
12,4.916666666666667,0.0,0.0,5.0,2.0,1.0,0.0,3,0.0
18,4.166666666666667,1.0,2.0,4.0,3.0,1.0,0.128,2,0.0
21,5.714285714285714,0.0,1.0,5.0,5.0,2.0,0.128,2,0.0
28,5.285714285714286,2.0,3.0,7.0,6.0,2.0,0.4767,2,0.0
13,4.0,1.0,1.0,4.0,3.0,0.0,0.4019,2,0.0
23,3.652173913043478,1.0,2.0,3.0,4.0,3.0,0.0,1,0.0
17,4.529411764705882,0.0,4.0,4.0,3.0,3.0,0.5859,1,0.0
17,4.823529411764706,0.0,2.0,7.0,3.0,2.0,-0.128,3,0.0
27,5.074074074074074,0.0,2.0,12.0,3.0,3.0,-0.7506,0,0.0
15,5.133333333333334,0.0,1.0,7.0,2.0,1.0,0.0,3,0.0
10,5.6,0.0,2.0,4.0,1.0,1.0,0.5413,2,0.0
17,4.294117647058823,0.0,1.0,5.0,4.0,1.0,0.0,1,0.0
16,5.375,0.0,1.0,3.0,4.0,2.0,0.4588,1,0.0
23,3.8260869565217392,2.0,1.0,6.0,2.0,3.0,0.0772,2,0.0
8,6.0,0.0,1.0,2.0,2.0,0.0,0.0,0,0.0
28,6.0,0.0,2.0,12.0,4.0,3.0,0.0,0,0.0
14,4.214285714285714,1.0,0.0,4.0,5.0,1.0,-0.8542,1,0.0
5,4.2,1.0,0.0,1.0,3.0,0.0,0.0,0,0.0
14,5.0,0.0,1.0,5.0,3.0,2.0,0.296,2,0.0
24,3.9583333333333335,1.0,2.0,7.0,5.0,3.0,0.0,3,0.0
21,3.619047619047619,0.0,0.0,6.0,3.0,3.0,-0.296,1,0.0
23,4.173913043478261,2.0,0.0,6.0,6.0,2.0,-0.2732,1,0.0
24,4.958333333333333,0.0,1.0,6.0,5.0,3.0,0.4939,1,0.0
8,3.875,0.0,0.0,3.0,2.0,1.0,-0.7351,0,0.0
10,3.4,0.0,1.0,4.0,1.0,1.0,-0.5994,1,0.0
10,5.4,1.0,2.0,4.0,1.0,0.0,0.0,2,0.0
7,4.428571428571429,0.0,1.0,3.0,2.0,1.0,0.0,1,0.0
23,4.869565217391305,1.0,5.0,7.0,3.0,1.0,0.4215,3,0.0
8,3.625,0.0,1.0,3.0,1.0,1.0,0.6369,0,0.0
7,4.0,0.0,0.0,5.0,1.0,0.0,-0.296,1,0.0
13,4.384615384615385,0.0,0.0,4.0,2.0,3.0,-0.5267,2,0.0
13,4.384615384615385,0.0,2.0,3.0,3.0,2.0,0.0,0,0.0
11,5.2727272727272725,0.0,0.0,5.0,3.0,1.0,-0.3182,2,0.0
19,3.947368421052632,0.0,3.0,6.0,3.0,3.0,0.3612,2,0.0
14,5.5,0.0,2.0,5.0,2.0,3.0,-0.296,0,0.0
18,4.611111111111111,1.0,2.0,5.0,2.0,2.0,-0.6908,1,0.0
26,5.423076923076923,0.0,5.0,8.0,2.0,3.0,-0.5574,1,0.0
20,4.15,0.0,2.0,9.0,2.0,3.0,0.6124,2,0.0
16,4.875,0.0,2.0,6.0,2.0,3.0,-0.3818,0,0.0
10,5.2,0.0,1.0,3.0,3.0,0.0,-0.3818,2,0.0
15,5.266666666666667,0.0,3.0,5.0,2.0,1.0,0.4215,1,0.0
12,5.166666666666667,0.0,3.0,4.0,1.0,1.0,0.6369,2,0.0
16,3.6875,1.0,1.0,5.0,3.0,2.0,0.0,0,0.0
9,3.4444444444444446,0.0,0.0,3.0,2.0,1.0,-0.5994,0,0.0
13,4.307692307692308,0.0,1.0,4.0,1.0,2.0,-0.5267,0,0.0
15,4.8,1.0,1.0,3.0,4.0,1.0,-0.3612,1,0.0
19,4.7368421052631575,1.0,3.0,5.0,3.0,3.0,0.296,1,0.0
19,4.0,0.0,3.0,5.0,3.0,2.0,0.0,1,0.0
14,4.5,0.0,2.0,6.0,2.0,2.0,0.128,1,0.0
12,5.666666666666667,1.0,0.0,5.0,3.0,1.0,0.4404,2,0.0
12,4.583333333333333,0.0,1.0,4.0,4.0,1.0,0.0,2,0.0
23,4.391304347826087,0.0,2.0,7.0,5.0,3.0,0.5423,0,0.0
19,4.684210526315789,0.0,4.0,8.0,2.0,1.0,0.4939,2,0.0
21,4.809523809523809,0.0,1.0,8.0,4.0,0.0,0.0772,1,0.0
14,5.642857142857143,0.0,2.0,6.0,2.0,1.0,0.0,2,0.0
23,5.782608695652174,1.0,4.0,8.0,4.0,1.0,0.5574,3,0.0
12,4.666666666666667,0.0,3.0,3.0,1.0,2.0,0.2023,1,0.0
14,4.5,0.0,2.0,5.0,4.0,1.0,0.1027,2,0.0
13,4.538461538461538,0.0,1.0,5.0,4.0,2.0,-0.2732,2,0.0
21,4.714285714285714,2.0,2.0,7.0,4.0,0.0,-0.3182,1,0.0
14,4.928571428571429,0.0,2.0,5.0,2.0,3.0,0.0,0,0.0
10,4.1,0.0,2.0,3.0,2.0,1.0,0.0258,0,0.0
26,4.538461538461538,1.0,2.0,10.0,3.0,3.0,0.6249,1,0.0
13,4.307692307692308,0.0,2.0,4.0,2.0,2.0,0.3182,1,0.0
23,3.739130434782609,2.0,1.0,6.0,5.0,2.0,-0.47,1,0.0
7,4.714285714285714,0.0,0.0,6.0,1.0,0.0,-0.1779,1,0.0
11,5.181818181818182,0.0,2.0,3.0,1.0,2.0,0.2023,1,0.0
23,5.086956521739131,1.0,2.0,6.0,5.0,2.0,0.228,2,0.0
16,5.6875,0.0,2.0,7.0,2.0,1.0,0.0,2,0.0
9,5.888888888888889,1.0,1.0,3.0,3.0,0.0,0.0,2,0.0
10,4.6,0.0,2.0,5.0,1.0,0.0,-0.3818,1,0.0
10,4.8,0.0,1.0,4.0,3.0,1.0,-0.6249,1,0.0
14,3.857142857142857,0.0,3.0,4.0,2.0,2.0,0.2584,1,0.0
13,4.461538461538462,1.0,1.0,3.0,3.0,1.0,-0.25,2,0.0
26,4.615384615384615,2.0,2.0,10.0,3.0,3.0,0.5574,3,0.0
15,4.133333333333334,1.0,2.0,4.0,3.0,1.0,-0.8481,1,0.0
9,4.444444444444445,1.0,1.0,2.0,1.0,2.0,0.0,0,0.0
15,4.266666666666667,1.0,0.0,4.0,4.0,1.0,0.891,0,0.0
17,4.823529411764706,0.0,3.0,6.0,2.0,1.0,0.5267,1,0.0
11,3.5454545454545454,0.0,1.0,2.0,2.0,0.0,0.0,1,0.0
16,5.1875,0.0,3.0,2.0,4.0,2.0,0.0,2,0.0
19,4.368421052631579,0.0,4.0,8.0,4.0,0.0,0.5106,2,0.0
12,4.333333333333333,0.0,2.0,5.0,2.0,2.0,0.0,1,0.0
13,4.307692307692308,0.0,2.0,4.0,1.0,3.0,0.4019,1,0.0
23,4.565217391304348,0.0,1.0,11.0,2.0,3.0,0.0,1,0.0
18,4.444444444444445,0.0,2.0,7.0,2.0,1.0,-0.3612,3,0.0
14,4.857142857142857,1.0,1.0,6.0,2.0,1.0,0.0,1,0.0
13,5.230769230769231,0.0,2.0,6.0,3.0,0.0,0.3612,1,0.0
13,4.461538461538462,2.0,2.0,2.0,2.0,0.0,0.0,1,0.0
27,4.777777777777778,1.0,3.0,10.0,3.0,2.0,0.0,2,0.0
19,4.421052631578948,1.0,3.0,7.0,3.0,2.0,0.3818,2,0.0
26,4.884615384615385,0.0,2.0,7.0,6.0,3.0,0.2263,4,0.0
11,4.363636363636363,0.0,1.0,3.0,3.0,1.0,0.0,2,0.0
15,4.333333333333333,1.0,1.0,5.0,1.0,2.0,-0.1027,1,0.0
19,4.421052631578948,1.0,0.0,5.0,5.0,1.0,0.2263,1,0.0
22,5.0,0.0,3.0,5.0,5.0,3.0,0.7269,1,0.0
17,4.764705882352941,1.0,2.0,6.0,3.0,1.0,0.4404,0,0.0
24,5.125,2.0,1.0,7.0,6.0,2.0,0.0772,4,0.0
18,4.277777777777778,0.0,2.0,8.0,2.0,1.0,-0.7003,1,0.0
14,4.642857142857143,0.0,1.0,5.0,4.0,2.0,-0.2732,2,0.0
10,3.4,0.0,1.0,5.0,1.0,2.0,0.0,0,0.0
11,5.090909090909091,0.0,0.0,4.0,3.0,1.0,0.0,1,0.0
16,4.6875,2.0,4.0,4.0,1.0,3.0,0.6908,1,0.0
12,4.583333333333333,0.0,3.0,1.0,2.0,1.0,0.0,1,0.0
15,5.533333333333333,2.0,1.0,4.0,3.0,2.0,0.5413,0,0.0
11,4.454545454545454,1.0,1.0,3.0,3.0,0.0,0.0,1,0.0
16,4.125,2.0,3.0,4.0,1.0,2.0,0.577,1,0.0
17,5.0,1.0,1.0,5.0,4.0,2.0,-0.296,1,0.0
28,3.857142857142857,0.0,4.0,9.0,5.0,1.0,-0.34,0,0.0
9,4.777777777777778,2.0,0.0,3.0,1.0,1.0,0.0,1,0.0
22,4.318181818181818,2.0,3.0,7.0,4.0,2.0,0.6908,1,0.0
20,4.25,1.0,1.0,9.0,4.0,0.0,-0.2682,4,0.0
15,3.933333333333333,0.0,1.0,5.0,2.0,1.0,0.0,1,0.0
15,4.8,1.0,2.0,5.0,2.0,1.0,0.0,1,0.0
12,4.583333333333333,0.0,1.0,5.0,2.0,3.0,-0.128,3,0.0
19,4.894736842105263,0.0,2.0,6.0,5.0,1.0,-0.4588,0,0.0
19,4.947368421052632,1.0,2.0,5.0,3.0,2.0,0.0,1,0.0
20,3.85,0.0,3.0,4.0,4.0,0.0,0.0772,4,0.0
16,5.4375,0.0,2.0,5.0,4.0,2.0,-0.7783,2,0.0
9,5.444444444444445,0.0,1.0,4.0,2.0,0.0,0.7845,2,0.0
19,3.842105263157895,0.0,2.0,6.0,3.0,1.0,0.34,2,0.0
8,3.875,0.0,0.0,4.0,2.0,1.0,0.0,1,0.0
9,4.555555555555555,1.0,0.0,2.0,2.0,0.0,-0.2732,1,0.0
19,5.421052631578948,0.0,2.0,8.0,4.0,0.0,-0.5267,2,0.0
11,5.0,0.0,1.0,4.0,3.0,0.0,0.4767,2,0.0
10,4.2,1.0,1.0,3.0,2.0,1.0,-0.4767,0,0.0
19,5.631578947368421,0.0,0.0,8.0,4.0,0.0,-0.5574,2,0.0
26,4.807692307692308,2.0,3.0,9.0,4.0,3.0,-0.6209,2,0.0
9,4.666666666666667,1.0,0.0,2.0,3.0,1.0,0.5267,0,0.0
28,3.928571428571429,0.0,1.0,8.0,7.0,2.0,0.0,1,0.0
12,4.25,0.0,2.0,3.0,2.0,2.0,0.0772,2,0.0
20,3.7,0.0,3.0,7.0,2.0,2.0,0.0,0,0.0
12,3.8333333333333335,0.0,2.0,2.0,3.0,1.0,0.0,0,0.0
15,4.666666666666667,1.0,2.0,4.0,2.0,3.0,0.4404,2,0.0
17,4.294117647058823,1.0,4.0,5.0,0.0,2.0,0.577,2,0.0
10,4.5,0.0,2.0,2.0,1.0,1.0,-0.2732,1,0.0
30,4.3,2.0,2.0,10.0,4.0,3.0,-0.2732,2,0.0
13,5.153846153846154,0.0,0.0,4.0,4.0,0.0,-0.3818,2,0.0
18,4.388888888888889,1.0,3.0,6.0,1.0,3.0,-0.3818,2,0.0
13,4.461538461538462,0.0,2.0,5.0,2.0,1.0,-0.6486,1,0.0
10,4.3,0.0,2.0,2.0,3.0,0.0,-0.7003,0,0.0
8,3.875,0.0,0.0,4.0,2.0,1.0,0.0,1,0.0
13,5.461538461538462,0.0,0.0,5.0,3.0,1.0,0.0,1,0.0
24,4.458333333333333,0.0,5.0,8.0,5.0,1.0,0.0,3,0.0
20,3.9,1.0,1.0,6.0,3.0,2.0,0.0,0,0.0
16,4.0,1.0,0.0,5.0,3.0,1.0,-0.91,2,0.0
17,4.176470588235294,1.0,3.0,6.0,1.0,2.0,0.577,2,0.0
11,4.454545454545454,0.0,1.0,5.0,3.0,1.0,-0.6249,2,0.0
12,5.583333333333333,2.0,0.0,4.0,1.0,0.0,-0.3071,2,0.0
13,5.153846153846154,1.0,1.0,2.0,2.0,1.0,0.0,0,0.0
22,3.636363636363636,0.0,2.0,9.0,2.0,3.0,0.0,3,0.0
19,4.894736842105263,2.0,1.0,5.0,3.0,2.0,0.0,1,0.0
15,5.866666666666666,0.0,3.0,5.0,2.0,2.0,0.4215,1,0.0
15,4.6,0.0,2.0,8.0,1.0,0.0,-0.7579,2,0.0
8,4.375,0.0,1.0,4.0,1.0,0.0,0.0,1,0.0
14,4.0,0.0,2.0,4.0,1.0,3.0,0.0,1,0.0
16,4.625,1.0,1.0,6.0,3.0,2.0,0.0,2,0.0
11,4.2727272727272725,0.0,0.0,4.0,1.0,2.0,-0.4019,1,0.0
14,4.0,1.0,1.0,5.0,1.0,2.0,0.6369,2,0.0
14,4.785714285714286,0.0,2.0,5.0,4.0,1.0,-0.2732,2,0.0
13,6.0,1.0,3.0,5.0,1.0,0.0,-0.6597,1,0.0
25,5.32,0.0,4.0,10.0,3.0,2.0,-0.3412,1,0.0
6,3.6666666666666665,0.0,0.0,3.0,1.0,1.0,-0.296,1,0.0
13,4.769230769230769,1.0,2.0,3.0,2.0,1.0,-0.8481,0,0.0
20,4.75,1.0,2.0,8.0,3.0,2.0,0.6808,1,0.0
9,3.6666666666666665,0.0,0.0,2.0,3.0,0.0,-0.2732,1,0.0
17,4.117647058823529,2.0,1.0,5.0,2.0,2.0,-0.8481,2,0.0
8,4.625,0.0,1.0,2.0,2.0,1.0,0.5859,0,0.0
13,4.846153846153846,1.0,1.0,4.0,2.0,1.0,0.0,1,0.0
24,3.583333333333333,1.0,1.0,7.0,5.0,3.0,0.25,3,0.0
20,4.9,1.0,2.0,6.0,5.0,0.0,-0.2732,1,0.0
23,5.130434782608695,1.0,2.0,8.0,5.0,3.0,0.0,1,0.0
11,5.2727272727272725,0.0,3.0,5.0,1.0,0.0,0.1779,1,0.0
14,5.0,0.0,2.0,5.0,1.0,2.0,-0.4404,3,0.0
21,3.523809523809524,2.0,0.0,6.0,5.0,1.0,-0.296,2,0.0
8,3.5,0.0,0.0,2.0,2.0,1.0,-0.5859,1,0.0
11,4.545454545454546,1.0,2.0,2.0,2.0,1.0,0.0,1,0.0
27,3.7777777777777777,1.0,4.0,8.0,4.0,3.0,-0.6908,3,0.0
8,5.0,0.0,2.0,2.0,3.0,1.0,-0.0516,0,0.0
15,4.133333333333334,0.0,2.0,6.0,1.0,1.0,0.0,2,0.0
27,5.25925925925926,2.0,1.0,7.0,7.0,1.0,-0.2617,3,0.0
23,5.652173913043479,1.0,3.0,7.0,5.0,0.0,0.0,1,0.0
12,4.666666666666667,0.0,2.0,4.0,1.0,3.0,-0.4019,2,0.0
13,4.0,1.0,2.0,4.0,2.0,2.0,-0.6582,0,0.0
12,4.333333333333333,1.0,2.0,3.0,2.0,2.0,0.5994,0,0.0
20,4.65,0.0,2.0,6.0,5.0,1.0,-0.4767,1,0.0
15,5.133333333333334,2.0,1.0,5.0,3.0,2.0,0.6486,1,0.0
12,4.0,0.0,2.0,4.0,2.0,2.0,0.2023,1,0.0
13,4.615384615384615,1.0,0.0,6.0,2.0,0.0,0.25,1,0.0
11,4.636363636363637,0.0,1.0,3.0,2.0,1.0,0.0,2,0.0
18,4.722222222222222,0.0,4.0,6.0,3.0,2.0,0.4939,0,0.0
17,4.705882352941177,1.0,3.0,6.0,2.0,3.0,0.128,0,0.0
10,4.7,1.0,1.0,3.0,1.0,0.0,0.0,0,0.0
18,4.944444444444445,2.0,3.0,3.0,3.0,2.0,-0.2648,0,0.0
15,4.733333333333333,0.0,5.0,4.0,2.0,1.0,0.0,0,0.0
11,3.5454545454545454,1.0,1.0,3.0,2.0,1.0,0.0,0,0.0
10,5.0,0.0,2.0,5.0,1.0,0.0,0.4939,0,0.0
15,5.0,0.0,3.0,4.0,3.0,3.0,0.4493,1,0.0
10,5.4,1.0,2.0,2.0,1.0,2.0,-0.6597,2,0.0
31,5.129032258064516,2.0,4.0,11.0,5.0,2.0,0.3818,1,0.0
18,4.944444444444445,1.0,3.0,6.0,4.0,2.0,0.4939,2,0.0
12,3.6666666666666665,1.0,1.0,2.0,3.0,1.0,0.0,0,0.0
14,4.5,0.0,2.0,3.0,3.0,1.0,0.3612,2,0.0
9,4.111111111111111,0.0,0.0,4.0,2.0,2.0,0.0,0,0.0
25,4.52,0.0,5.0,8.0,3.0,2.0,0.2263,3,0.0
22,4.727272727272728,0.0,5.0,7.0,1.0,3.0,0.8622,2,0.0
13,4.0,0.0,2.0,4.0,1.0,1.0,0.7783,1,0.0
15,4.266666666666667,2.0,2.0,3.0,4.0,1.0,-0.296,1,0.0
13,5.615384615384615,0.0,2.0,6.0,1.0,2.0,-0.0258,0,0.0
12,5.5,2.0,2.0,2.0,3.0,0.0,0.0,2,0.0
19,4.789473684210527,1.0,1.0,7.0,2.0,1.0,0.0,1,0.0
23,4.434782608695652,1.0,3.0,6.0,5.0,3.0,0.6915,1,0.0
11,4.2727272727272725,1.0,0.0,4.0,2.0,2.0,0.0,2,0.0
12,3.75,0.0,2.0,3.0,3.0,2.0,0.4939,0,1.0
16,3.8125,2.0,3.0,4.0,3.0,1.0,-0.2732,1,1.0
15,4.8,0.0,1.0,5.0,4.0,1.0,0.0,2,1.0
23,4.304347826086956,0.0,1.0,8.0,6.0,1.0,0.3252,1,1.0
10,4.8,0.0,0.0,4.0,1.0,1.0,0.0,2,1.0
28,4.214285714285714,1.0,3.0,7.0,3.0,3.0,0.0,1,0.0
16,4.125,1.0,2.0,4.0,2.0,1.0,0.25,1,1.0
24,4.958333333333333,1.0,1.0,9.0,3.0,2.0,-0.3818,4,1.0
19,4.789473684210527,0.0,2.0,7.0,2.0,1.0,-0.3612,3,1.0
8,3.75,0.0,0.0,3.0,3.0,0.0,-0.1027,0,1.0
9,5.111111111111111,0.0,0.0,3.0,2.0,1.0,-0.296,1,1.0
12,5.083333333333333,0.0,4.0,3.0,1.0,2.0,0.0,0,1.0
13,5.769230769230769,0.0,0.0,6.0,2.0,1.0,0.0,2,0.0
13,4.846153846153846,0.0,1.0,4.0,4.0,0.0,0.2732,1,0.0
24,4.791666666666667,1.0,3.0,7.0,3.0,2.0,0.5106,2,1.0
12,4.833333333333333,0.0,0.0,3.0,3.0,1.0,0.0,0,1.0
9,5.555555555555555,1.0,1.0,3.0,2.0,2.0,-0.3612,0,1.0
17,5.764705882352941,2.0,2.0,7.0,3.0,1.0,-0.296,2,1.0
29,4.482758620689655,1.0,3.0,7.0,6.0,3.0,-0.128,1,1.0
23,4.782608695652174,0.0,1.0,6.0,5.0,3.0,-0.296,1,1.0
18,5.277777777777778,1.0,3.0,5.0,3.0,1.0,0.4019,2,1.0
12,4.083333333333333,1.0,1.0,1.0,4.0,1.0,0.0,0,1.0
29,5.482758620689655,0.0,1.0,11.0,6.0,2.0,-0.4939,1,1.0
8,5.375,0.0,0.0,4.0,2.0,1.0,0.0,0,1.0
9,5.222222222222222,0.0,2.0,3.0,2.0,1.0,0.4939,1,1.0
17,5.470588235294118,0.0,2.0,10.0,2.0,1.0,-0.802,1,1.0
16,4.8125,1.0,0.0,7.0,3.0,2.0,0.4215,3,1.0
16,5.5,1.0,3.0,5.0,1.0,3.0,-0.3612,1,1.0
21,4.714285714285714,2.0,3.0,4.0,3.0,2.0,-0.7506,1,1.0
10,4.5,1.0,1.0,1.0,2.0,1.0,-0.5859,0,1.0
14,4.142857142857143,0.0,3.0,4.0,2.0,2.0,0.0,1,1.0
10,4.6,0.0,0.0,6.0,2.0,0.0,0.0,1,0.0
10,3.8,1.0,0.0,2.0,3.0,2.0,0.5106,0,0.0
11,6.0,1.0,0.0,3.0,4.0,0.0,0.0,1,0.0
14,4.357142857142857,1.0,1.0,3.0,4.0,1.0,-0.296,2,0.0
9,5.555555555555555,1.0,0.0,5.0,1.0,1.0,0.0,1,1.0
8,5.0,1.0,0.0,2.0,3.0,0.0,0.0,0,1.0
10,4.2,1.0,1.0,3.0,0.0,1.0,0.0,2,1.0
19,5.315789473684211,1.0,1.0,5.0,4.0,2.0,-0.2732,2,1.0
13,4.538461538461538,0.0,1.0,5.0,1.0,2.0,0.0,2,1.0
27,4.703703703703703,2.0,4.0,8.0,4.0,3.0,0.3182,1,1.0
15,3.6,0.0,0.0,2.0,5.0,2.0,-0.3612,1,1.0
7,4.571428571428571,0.0,0.0,2.0,3.0,0.0,0.0,1,1.0
18,5.333333333333333,0.0,3.0,7.0,2.0,3.0,0.7184,2,1.0
15,3.8,0.0,1.0,3.0,4.0,2.0,-0.5106,0,1.0
16,4.3125,0.0,1.0,6.0,1.0,2.0,-0.4939,1,1.0
16,4.5625,0.0,1.0,6.0,1.0,3.0,0.0,2,1.0
19,4.842105263157895,2.0,0.0,5.0,4.0,2.0,0.3612,2,1.0
17,4.764705882352941,2.0,2.0,6.0,2.0,2.0,0.4019,1,1.0
14,5.785714285714286,1.0,0.0,5.0,4.0,1.0,0.0,1,1.0
8,5.375,0.0,0.0,4.0,2.0,1.0,-0.1027,1,1.0
19,4.631578947368421,1.0,2.0,5.0,4.0,3.0,0.7845,1,1.0
16,4.9375,1.0,2.0,6.0,4.0,1.0,0.0,1,1.0
9,5.222222222222222,0.0,0.0,4.0,4.0,0.0,0.128,2,1.0
11,5.2727272727272725,1.0,0.0,5.0,3.0,0.0,0.0,0,1.0
16,4.5625,0.0,0.0,8.0,3.0,2.0,-0.5994,1,1.0
6,5.0,0.0,1.0,1.0,2.0,0.0,0.0,0,1.0
17,5.588235294117647,0.0,4.0,7.0,2.0,1.0,-0.1027,1,1.0
11,5.0,0.0,2.0,5.0,2.0,1.0,-0.6249,1,1.0
8,4.5,0.0,1.0,3.0,1.0,1.0,0.0,2,1.0
15,5.333333333333333,1.0,2.0,6.0,3.0,0.0,0.0,2,1.0
26,5.115384615384615,1.0,2.0,8.0,4.0,3.0,0.0772,4,1.0
24,4.375,0.0,5.0,8.0,2.0,3.0,-0.3321,1,1.0
17,4.117647058823529,0.0,0.0,4.0,4.0,2.0,0.4939,0,1.0
17,4.647058823529412,2.0,3.0,4.0,3.0,1.0,0.5023,2,1.0
18,5.111111111111111,0.0,3.0,6.0,2.0,2.0,-0.8481,1,1.0
27,4.777777777777778,0.0,3.0,11.0,5.0,3.0,0.0,4,1.0
10,5.9,2.0,3.0,5.0,0.0,0.0,-0.6267,1,1.0
21,4.285714285714286,1.0,2.0,6.0,4.0,3.0,-0.296,0,1.0
12,5.0,1.0,1.0,3.0,2.0,1.0,-0.7579,2,1.0
14,4.571428571428571,1.0,0.0,4.0,3.0,1.0,0.3612,1,1.0
13,4.384615384615385,0.0,0.0,5.0,2.0,2.0,0.0,0,1.0
22,3.4545454545454546,2.0,1.0,3.0,6.0,2.0,0.0,0,1.0
25,4.48,2.0,3.0,5.0,7.0,3.0,0.8176,0,1.0
17,4.823529411764706,1.0,0.0,3.0,6.0,1.0,-0.079,1,1.0
7,5.0,0.0,1.0,2.0,2.0,1.0,0.0,0,1.0
8,4.75,0.0,1.0,4.0,1.0,1.0,-0.0516,1,1.0
17,4.352941176470588,1.0,4.0,6.0,1.0,1.0,0.0,1,1.0
19,5.421052631578948,2.0,2.0,6.0,3.0,1.0,0.2023,0,1.0
14,5.071428571428571,1.0,1.0,5.0,3.0,1.0,0.0,1,1.0
7,5.428571428571429,1.0,2.0,2.0,1.0,1.0,0.6361,1,1.0
18,3.7777777777777777,1.0,2.0,4.0,4.0,2.0,-0.765,0,1.0
12,4.083333333333333,0.0,0.0,6.0,2.0,2.0,-0.5719,0,1.0
14,4.928571428571429,0.0,3.0,6.0,1.0,2.0,0.7351,1,1.0
20,5.1,0.0,0.0,6.0,5.0,0.0,0.0,1,1.0
28,5.5,2.0,5.0,9.0,6.0,0.0,0.7096,0,1.0
25,4.36,1.0,2.0,7.0,6.0,3.0,0.4767,2,1.0
12,4.666666666666667,1.0,1.0,3.0,2.0,2.0,0.2023,0,1.0
26,5.730769230769231,0.0,2.0,8.0,7.0,1.0,0.1779,2,1.0
12,5.25,0.0,1.0,7.0,2.0,0.0,0.4588,3,1.0
7,5.857142857142857,1.0,2.0,1.0,2.0,1.0,0.0,0,1.0
13,3.692307692307693,0.0,1.0,4.0,1.0,2.0,0.0,2,1.0
18,4.722222222222222,1.0,2.0,4.0,4.0,1.0,0.0,2,1.0
20,5.5,1.0,3.0,6.0,4.0,1.0,0.0,4,1.0
12,4.416666666666667,0.0,0.0,6.0,1.0,2.0,-0.1779,1,1.0
8,5.625,1.0,0.0,3.0,2.0,1.0,0.0,1,1.0
8,5.375,1.0,0.0,4.0,2.0,1.0,-0.5423,0,1.0
13,4.307692307692308,0.0,2.0,1.0,2.0,2.0,0.0,1,1.0
22,4.636363636363637,0.0,3.0,6.0,3.0,1.0,0.34,2,1.0
13,4.076923076923077,0.0,1.0,5.0,4.0,1.0,0.0,1,1.0
14,6.0,0.0,4.0,4.0,3.0,1.0,0.2023,0,1.0
7,4.428571428571429,1.0,1.0,3.0,1.0,0.0,0.0,1,1.0
8,4.125,0.0,0.0,3.0,2.0,1.0,0.3612,0,1.0
14,4.357142857142857,0.0,3.0,4.0,2.0,1.0,0.25,1,1.0
9,4.777777777777778,0.0,1.0,3.0,2.0,2.0,0.0,1,1.0
16,4.5,1.0,2.0,5.0,2.0,1.0,0.5574,2,1.0
14,5.0,0.0,3.0,5.0,1.0,1.0,-0.5574,1,1.0
7,5.285714285714286,0.0,1.0,3.0,2.0,0.0,0.7717,0,1.0
7,4.714285714285714,1.0,0.0,2.0,2.0,1.0,0.0,0,1.0
17,4.882352941176471,2.0,5.0,5.0,1.0,0.0,-0.1027,2,1.0
9,5.111111111111111,1.0,0.0,2.0,4.0,0.0,0.0,2,1.0
13,5.153846153846154,1.0,1.0,5.0,2.0,0.0,-0.4215,1,1.0
17,4.588235294117647,0.0,3.0,4.0,3.0,1.0,0.0,1,1.0
13,3.3846153846153846,2.0,0.0,3.0,4.0,2.0,-0.3612,1,1.0
6,5.166666666666667,0.0,1.0,2.0,2.0,1.0,0.0,1,1.0
19,4.368421052631579,0.0,0.0,6.0,5.0,1.0,-0.25,0,1.0
22,4.318181818181818,0.0,0.0,11.0,4.0,3.0,0.0,2,1.0
14,5.0,0.0,0.0,3.0,5.0,2.0,0.0,1,1.0
16,4.5625,1.0,2.0,5.0,3.0,2.0,0.0,1,1.0
12,4.0,1.0,1.0,3.0,2.0,2.0,0.4939,0,1.0
22,5.363636363636363,2.0,5.0,5.0,2.0,3.0,-0.6705,4,1.0
13,4.307692307692308,0.0,3.0,4.0,2.0,2.0,0.2023,1,1.0
24,5.416666666666667,1.0,2.0,9.0,4.0,1.0,-0.5994,3,1.0
20,4.2,1.0,1.0,3.0,7.0,0.0,-0.3612,0,1.0
20,5.95,1.0,2.0,7.0,4.0,2.0,0.1779,0,1.0
14,5.5,0.0,2.0,5.0,4.0,0.0,-0.5106,1,1.0
17,5.0,0.0,3.0,7.0,3.0,1.0,-0.25,1,1.0
11,4.636363636363637,1.0,2.0,3.0,2.0,2.0,0.0,2,1.0
26,4.461538461538462,0.0,4.0,6.0,4.0,2.0,0.0,0,1.0
12,4.5,2.0,1.0,2.0,4.0,0.0,0.0,0,1.0
28,4.571428571428571,2.0,3.0,10.0,3.0,3.0,0.0,0,1.0
19,5.052631578947368,0.0,4.0,6.0,2.0,1.0,0.6249,1,1.0
10,5.5,0.0,0.0,5.0,3.0,1.0,0.0,0,1.0
21,5.285714285714286,0.0,3.0,8.0,4.0,1.0,-0.3818,0,1.0
18,4.5,1.0,0.0,4.0,5.0,2.0,0.0,2,1.0
18,4.777777777777778,2.0,2.0,3.0,5.0,1.0,-0.6705,0,1.0
16,4.375,0.0,1.0,6.0,2.0,1.0,0.0,2,1.0
23,4.521739130434782,0.0,3.0,9.0,3.0,1.0,-0.4396,1,1.0
17,5.0,0.0,2.0,5.0,4.0,1.0,0.0,3,1.0
20,4.75,1.0,1.0,6.0,6.0,2.0,0.0,1,1.0
10,5.5,0.0,1.0,4.0,4.0,0.0,-0.5423,1,1.0
9,5.888888888888889,0.0,1.0,3.0,3.0,0.0,-0.8442,2,1.0
9,4.222222222222222,0.0,1.0,5.0,2.0,0.0,-0.1027,1,1.0
13,5.923076923076923,0.0,1.0,4.0,3.0,2.0,0.0,2,1.0
7,4.285714285714286,0.0,1.0,1.0,3.0,0.0,0.0,0,1.0
15,4.8,1.0,3.0,4.0,2.0,1.0,-0.5106,2,1.0
22,5.136363636363637,0.0,5.0,8.0,4.0,0.0,-0.1027,1,1.0
11,3.727272727272727,0.0,2.0,2.0,1.0,2.0,-0.5574,1,1.0
8,4.625,0.0,1.0,2.0,3.0,0.0,0.0,1,1.0
29,3.5517241379310347,0.0,2.0,8.0,4.0,3.0,0.0,0,1.0
4,4.25,0.0,0.0,2.0,1.0,0.0,0.0,0,1.0
10,4.5,0.0,2.0,4.0,2.0,0.0,0.0,0,1.0
26,3.769230769230769,1.0,2.0,5.0,6.0,3.0,0.4215,2,1.0
18,4.5,1.0,3.0,4.0,3.0,2.0,0.7096,1,1.0
22,3.772727272727273,0.0,1.0,7.0,3.0,3.0,-0.6808,1,1.0
25,4.44,1.0,2.0,8.0,4.0,2.0,-0.3384,3,1.0
14,4.285714285714286,1.0,1.0,4.0,4.0,0.0,-0.6705,1,1.0
14,4.571428571428571,1.0,1.0,4.0,3.0,2.0,0.0,1,1.0
10,4.8,2.0,1.0,4.0,1.0,1.0,0.0,2,1.0
16,5.5625,0.0,2.0,6.0,2.0,1.0,-0.743,3,1.0
22,4.863636363636363,0.0,0.0,9.0,4.0,2.0,0.2732,2,1.0
20,4.8,0.0,0.0,7.0,5.0,3.0,-0.1027,1,1.0
11,3.909090909090909,2.0,1.0,4.0,2.0,1.0,0.6249,2,1.0
18,4.888888888888889,0.0,4.0,7.0,2.0,1.0,0.5267,2,1.0
22,4.545454545454546,1.0,2.0,7.0,2.0,0.0,-0.5106,4,1.0
10,4.5,0.0,0.0,5.0,1.0,1.0,0.0,0,1.0
12,5.5,0.0,3.0,3.0,2.0,1.0,-0.3612,1,1.0
22,5.0,1.0,1.0,8.0,6.0,0.0,-0.7506,2,1.0
17,4.529411764705882,1.0,2.0,5.0,2.0,2.0,0.5859,1,1.0
24,5.208333333333333,1.0,1.0,10.0,4.0,3.0,0.4939,3,1.0
23,4.826086956521739,0.0,5.0,9.0,5.0,1.0,-0.3612,3,1.0
23,4.608695652173913,0.0,2.0,8.0,4.0,2.0,0.5423,0,1.0
30,4.6,0.0,5.0,8.0,6.0,2.0,-0.802,1,1.0
17,4.176470588235294,0.0,0.0,6.0,3.0,3.0,-0.91,0,1.0
25,3.84,2.0,2.0,6.0,6.0,3.0,0.0,0,1.0
17,4.705882352941177,1.0,3.0,6.0,1.0,3.0,-0.128,1,1.0
16,5.0,0.0,1.0,7.0,5.0,1.0,-0.7351,2,1.0
7,3.7142857142857135,0.0,2.0,3.0,1.0,0.0,0.0,0,1.0
27,4.925925925925926,0.0,3.0,11.0,5.0,2.0,0.6249,4,1.0
19,5.7368421052631575,1.0,0.0,5.0,7.0,1.0,0.6705,1,1.0
22,4.363636363636363,2.0,4.0,6.0,4.0,2.0,0.4404,2,1.0
18,4.388888888888889,1.0,4.0,5.0,2.0,2.0,-0.1027,1,1.0
20,5.1,0.0,2.0,7.0,4.0,2.0,-0.8625,4,1.0
25,4.56,0.0,2.0,8.0,5.0,2.0,0.5859,1,1.0
22,3.727272727272727,1.0,3.0,5.0,5.0,2.0,0.0,0,1.0
23,4.869565217391305,1.0,2.0,6.0,6.0,2.0,-0.2732,2,1.0
14,4.214285714285714,0.0,2.0,4.0,1.0,2.0,0.0,1,1.0
21,4.142857142857143,0.0,2.0,6.0,3.0,2.0,-0.0258,1,1.0
18,4.777777777777778,0.0,2.0,6.0,4.0,0.0,-0.1779,0,1.0
22,4.318181818181818,0.0,2.0,8.0,3.0,2.0,0.1531,2,1.0
20,5.1,1.0,1.0,7.0,4.0,3.0,0.4939,2,1.0
12,4.916666666666667,0.0,2.0,6.0,2.0,0.0,0.0,1,1.0
14,4.285714285714286,2.0,1.0,3.0,2.0,3.0,0.4404,2,1.0
7,5.142857142857143,0.0,2.0,2.0,1.0,1.0,0.0,1,1.0
16,5.5,1.0,2.0,6.0,2.0,2.0,0.4404,2,1.0
4,4.0,0.0,1.0,1.0,1.0,0.0,0.0,1,1.0
9,3.0,1.0,0.0,2.0,2.0,1.0,0.0,0,1.0
16,4.875,1.0,3.0,4.0,2.0,1.0,0.0516,1,1.0
12,4.583333333333333,1.0,1.0,2.0,4.0,1.0,-0.5106,1,1.0
14,4.928571428571429,0.0,0.0,6.0,4.0,1.0,0.0,2,1.0
7,3.7142857142857135,0.0,1.0,2.0,2.0,2.0,0.5719,0,1.0
27,5.222222222222222,2.0,0.0,11.0,7.0,1.0,-0.6597,1,1.0
13,4.230769230769231,0.0,0.0,5.0,3.0,1.0,0.2732,0,1.0
11,5.454545454545454,1.0,0.0,5.0,3.0,0.0,0.0,3,1.0
16,4.3125,0.0,3.0,4.0,4.0,0.0,0.4215,2,1.0
11,5.363636363636363,2.0,0.0,3.0,3.0,0.0,0.5413,1,1.0
18,4.611111111111111,0.0,3.0,7.0,5.0,1.0,-0.128,2,1.0
10,6.0,0.0,1.0,3.0,2.0,0.0,0.25,0,1.0
15,4.733333333333333,0.0,1.0,4.0,5.0,0.0,0.0,1,1.0
21,4.714285714285714,0.0,3.0,5.0,2.0,0.0,0.0,2,1.0
10,5.0,0.0,1.0,3.0,3.0,0.0,0.0,0,1.0
22,4.909090909090909,0.0,1.0,6.0,6.0,2.0,0.3818,1,1.0
17,4.117647058823529,1.0,2.0,3.0,3.0,2.0,0.25,0,1.0
21,4.142857142857143,1.0,0.0,7.0,6.0,2.0,0.3102,0,1.0
24,4.041666666666667,2.0,0.0,6.0,4.0,2.0,0.0,2,1.0
18,4.055555555555555,0.0,1.0,9.0,3.0,1.0,-0.34,2,1.0
18,4.944444444444445,0.0,2.0,7.0,4.0,1.0,-0.1531,2,1.0
17,4.882352941176471,1.0,3.0,4.0,5.0,1.0,0.0,3,1.0
21,5.0,0.0,1.0,7.0,5.0,1.0,0.1531,1,1.0
17,4.882352941176471,0.0,3.0,7.0,2.0,1.0,0.3818,1,1.0
29,4.482758620689655,2.0,5.0,8.0,4.0,2.0,-0.2732,2,1.0
16,4.375,1.0,2.0,5.0,3.0,2.0,0.6249,0,1.0
11,4.727272727272728,1.0,2.0,4.0,1.0,2.0,0.7346,2,1.0
13,4.076923076923077,1.0,1.0,3.0,3.0,1.0,-0.6423,0,1.0
14,4.285714285714286,0.0,4.0,4.0,1.0,1.0,0.34,1,1.0
12,5.833333333333333,0.0,1.0,7.0,2.0,1.0,0.0,0,1.0
20,3.95,0.0,2.0,8.0,2.0,3.0,0.6369,1,1.0
14,3.4285714285714284,0.0,3.0,5.0,2.0,2.0,-0.296,1,1.0
17,5.294117647058823,0.0,4.0,6.0,3.0,1.0,-0.1531,4,1.0
17,4.941176470588236,1.0,2.0,4.0,5.0,1.0,0.25,3,1.0
26,5.384615384615385,1.0,5.0,9.0,4.0,2.0,-0.3182,0,1.0
10,4.7,0.0,2.0,4.0,1.0,1.0,0.0,0,1.0
17,4.647058823529412,1.0,0.0,7.0,4.0,1.0,-0.4019,1,1.0
20,4.3,2.0,4.0,3.0,4.0,2.0,0.25,1,1.0
20,4.65,1.0,3.0,5.0,4.0,2.0,0.7003,1,1.0
14,4.428571428571429,0.0,3.0,4.0,3.0,1.0,0.5267,1,1.0
20,4.85,1.0,2.0,7.0,3.0,1.0,0.7003,1,1.0
10,5.5,0.0,1.0,4.0,1.0,0.0,-0.7351,0,1.0
19,4.0,2.0,3.0,4.0,3.0,1.0,0.0,1,1.0
24,4.416666666666667,0.0,1.0,8.0,6.0,1.0,0.25,2,1.0
24,5.416666666666667,0.0,1.0,11.0,3.0,1.0,-0.2023,2,1.0
26,5.423076923076923,2.0,4.0,8.0,5.0,1.0,0.2732,0,1.0
17,4.529411764705882,1.0,1.0,7.0,3.0,2.0,0.8807,1,1.0
14,4.285714285714286,0.0,2.0,5.0,1.0,1.0,-0.1027,2,1.0
18,5.777777777777778,1.0,2.0,5.0,3.0,1.0,0.0,2,1.0
11,6.0,0.0,1.0,5.0,1.0,1.0,0.4215,0,2.0
23,4.608695652173913,2.0,1.0,7.0,4.0,2.0,-0.5267,1,2.0
11,3.4545454545454546,2.0,2.0,3.0,1.0,1.0,0.0,1,2.0
12,4.25,0.0,1.0,4.0,3.0,0.0,0.5719,3,2.0
8,4.25,2.0,0.0,3.0,1.0,1.0,0.0,1,2.0
12,5.75,0.0,2.0,4.0,4.0,0.0,0.5859,1,2.0
14,3.4285714285714284,0.0,2.0,5.0,2.0,2.0,0.0,1,1.0
21,4.666666666666667,1.0,4.0,6.0,2.0,3.0,0.4215,3,1.0
17,4.352941176470588,1.0,2.0,4.0,4.0,2.0,-0.3182,1,1.0
19,4.315789473684211,1.0,3.0,5.0,3.0,2.0,0.0,2,1.0
31,3.935483870967742,1.0,3.0,9.0,5.0,2.0,-0.5574,1,1.0
18,4.722222222222222,1.0,1.0,5.0,6.0,1.0,-0.4939,0,2.0
12,5.25,1.0,2.0,3.0,2.0,1.0,0.0,2,2.0
3,4.0,0.0,0.0,1.0,1.0,0.0,0.0,0,2.0
10,5.3,1.0,2.0,3.0,2.0,1.0,0.6597,1,2.0
10,4.5,0.0,2.0,4.0,2.0,0.0,0.2263,1,2.0
21,5.761904761904762,0.0,1.0,9.0,6.0,1.0,-0.7096,2,2.0
18,4.777777777777778,0.0,2.0,7.0,4.0,2.0,0.0,1,2.0
22,4.136363636363637,1.0,1.0,6.0,7.0,2.0,0.0,2,2.0
11,6.0,1.0,2.0,2.0,1.0,2.0,0.0,0,2.0
9,5.555555555555555,0.0,2.0,3.0,3.0,0.0,-0.3818,1,2.0
8,4.875,0.0,0.0,5.0,1.0,1.0,0.0,2,2.0
24,5.25,1.0,3.0,9.0,4.0,1.0,0.0,4,2.0
19,5.2631578947368425,1.0,4.0,8.0,2.0,1.0,-0.2732,2,2.0
10,5.1,0.0,2.0,4.0,2.0,1.0,0.0,0,2.0
12,4.75,2.0,0.0,4.0,3.0,1.0,0.0,0,2.0
8,5.0,0.0,2.0,2.0,2.0,0.0,0.0,0,2.0
10,5.4,0.0,3.0,2.0,2.0,2.0,0.5423,2,2.0
20,4.25,1.0,2.0,5.0,4.0,1.0,0.4767,0,2.0
29,3.8620689655172415,1.0,3.0,5.0,7.0,2.0,0.4215,2,2.0
17,5.235294117647059,0.0,2.0,6.0,2.0,3.0,0.1531,1,2.0
8,5.0,1.0,0.0,2.0,3.0,0.0,0.0,0,2.0
19,4.684210526315789,0.0,2.0,5.0,6.0,2.0,0.3818,2,2.0
11,3.0,1.0,1.0,3.0,3.0,1.0,0.0,1,2.0
20,5.85,1.0,1.0,6.0,5.0,2.0,0.0,1,2.0
13,4.0,1.0,2.0,4.0,3.0,3.0,0.0,1,2.0
17,4.235294117647059,2.0,1.0,4.0,3.0,0.0,0.6124,1,2.0
16,4.4375,0.0,2.0,6.0,3.0,3.0,-0.5574,1,2.0
32,4.125,1.0,4.0,10.0,7.0,3.0,-0.9062,2,2.0
17,5.529411764705882,1.0,3.0,6.0,1.0,1.0,0.0,0,2.0
6,4.5,0.0,0.0,3.0,2.0,0.0,0.0,0,2.0
22,4.863636363636363,2.0,2.0,8.0,3.0,2.0,0.4215,3,2.0
7,4.285714285714286,0.0,0.0,4.0,2.0,0.0,0.0,1,2.0
15,3.933333333333333,1.0,1.0,3.0,3.0,0.0,0.2263,1,2.0
26,4.615384615384615,0.0,3.0,9.0,3.0,3.0,0.8555,3,2.0
9,4.666666666666667,1.0,0.0,3.0,3.0,2.0,0.0,0,2.0
7,4.285714285714286,0.0,0.0,3.0,3.0,0.0,-0.5574,1,2.0
24,4.833333333333333,1.0,2.0,8.0,2.0,2.0,0.7003,4,2.0
16,3.6875,0.0,0.0,3.0,4.0,2.0,-0.5106,0,2.0
26,5.384615384615385,0.0,2.0,11.0,5.0,1.0,0.4019,2,2.0
17,4.941176470588236,2.0,2.0,3.0,6.0,0.0,0.8126,3,2.0
14,4.5,2.0,3.0,4.0,1.0,0.0,0.7037,0,2.0
28,4.964285714285714,2.0,5.0,5.0,6.0,1.0,-0.5106,0,2.0
16,4.5,1.0,2.0,6.0,1.0,2.0,0.0,2,2.0
12,3.5,1.0,1.0,3.0,3.0,1.0,0.4522,0,2.0
16,5.6875,0.0,3.0,6.0,3.0,1.0,-0.765,0,2.0
9,4.444444444444445,0.0,1.0,2.0,2.0,0.0,0.0,0,2.0
8,4.5,0.0,0.0,2.0,2.0,0.0,0.4215,1,2.0
14,4.214285714285714,1.0,3.0,3.0,2.0,2.0,0.0,0,2.0
25,4.68,1.0,1.0,7.0,6.0,2.0,-0.6597,2,2.0
26,4.153846153846154,2.0,2.0,7.0,6.0,3.0,0.4215,3,2.0
10,5.3,0.0,1.0,4.0,4.0,0.0,0.2263,1,2.0
12,4.25,1.0,2.0,4.0,3.0,0.0,0.0,2,2.0
28,5.142857142857143,1.0,2.0,11.0,6.0,2.0,0.5994,4,2.0
18,4.333333333333333,0.0,4.0,7.0,3.0,2.0,0.3612,1,2.0
12,4.5,0.0,1.0,4.0,4.0,1.0,-0.5574,1,2.0
28,4.035714285714286,2.0,1.0,6.0,5.0,3.0,-0.1027,1,2.0
10,3.9,1.0,1.0,2.0,3.0,0.0,0.6249,0,2.0
20,4.25,0.0,3.0,7.0,6.0,0.0,0.0,1,2.0
6,4.333333333333333,1.0,1.0,3.0,1.0,0.0,0.0,1,2.0
19,4.157894736842105,1.0,0.0,9.0,4.0,0.0,0.0,1,2.0
12,3.9166666666666665,1.0,1.0,2.0,2.0,1.0,-0.4019,1,2.0
21,5.047619047619048,1.0,1.0,8.0,6.0,0.0,0.25,3,2.0
10,4.7,0.0,3.0,3.0,1.0,0.0,0.3612,1,2.0
15,5.6,2.0,1.0,5.0,3.0,0.0,0.0,2,2.0
14,4.928571428571429,0.0,1.0,4.0,2.0,3.0,0.0,1,2.0
30,4.433333333333334,0.0,1.0,8.0,5.0,3.0,-0.296,3,2.0
18,4.5,1.0,0.0,5.0,7.0,1.0,0.0,1,2.0
8,5.0,0.0,1.0,2.0,2.0,1.0,-0.1779,1,2.0
16,3.8125,1.0,0.0,5.0,2.0,2.0,0.4939,0,2.0
13,4.923076923076923,0.0,1.0,5.0,2.0,0.0,0.0,1,2.0
15,4.6,0.0,0.0,8.0,3.0,1.0,0.0772,3,2.0
15,5.4,1.0,1.0,3.0,3.0,2.0,0.0,1,2.0
16,4.125,1.0,1.0,7.0,4.0,0.0,0.0,1,2.0
18,4.833333333333333,0.0,2.0,6.0,3.0,3.0,0.3612,1,2.0
10,5.4,0.0,3.0,3.0,1.0,2.0,0.0,2,2.0
27,4.148148148148148,1.0,5.0,8.0,2.0,3.0,0.1815,3,2.0
23,4.782608695652174,1.0,4.0,7.0,4.0,3.0,-0.6597,1,2.0
25,3.64,2.0,4.0,6.0,6.0,2.0,0.7184,0,2.0
12,3.583333333333333,0.0,1.0,3.0,2.0,3.0,0.0,0,2.0
28,4.214285714285714,2.0,2.0,5.0,7.0,3.0,0.4215,2,2.0
16,4.4375,0.0,2.0,4.0,3.0,2.0,-0.7717,1,2.0
9,3.6666666666666665,1.0,1.0,3.0,2.0,1.0,-0.6249,2,2.0
10,5.4,0.0,3.0,3.0,2.0,0.0,0.0,1,2.0
27,4.111111111111111,1.0,0.0,7.0,7.0,2.0,0.4019,1,2.0
19,4.105263157894737,0.0,1.0,3.0,4.0,1.0,-0.3612,1,2.0
12,5.333333333333333,0.0,1.0,8.0,2.0,0.0,-0.4404,2,2.0
12,3.9166666666666665,0.0,1.0,2.0,4.0,1.0,-0.3818,1,2.0
12,4.0,0.0,1.0,2.0,3.0,2.0,-0.1531,0,2.0
12,4.916666666666667,1.0,0.0,6.0,0.0,2.0,-0.4654,1,2.0
18,4.611111111111111,1.0,2.0,3.0,4.0,2.0,0.4215,1,2.0
13,4.0,1.0,1.0,3.0,3.0,1.0,0.0,1,2.0
18,4.944444444444445,1.0,3.0,5.0,5.0,1.0,-0.4404,3,2.0
27,5.222222222222222,2.0,4.0,7.0,6.0,2.0,0.2023,2,2.0
19,5.0,1.0,4.0,6.0,2.0,2.0,-0.6124,1,2.0
16,4.25,2.0,2.0,2.0,5.0,0.0,0.1531,1,2.0
12,4.666666666666667,0.0,1.0,6.0,3.0,0.0,0.0,0,2.0
14,3.7857142857142856,1.0,2.0,4.0,2.0,2.0,-0.8126,1,2.0
16,4.9375,1.0,0.0,5.0,3.0,3.0,-0.3182,2,2.0
5,4.0,1.0,0.0,2.0,1.0,1.0,0.431,0,2.0
22,4.7727272727272725,0.0,4.0,8.0,3.0,3.0,-0.8442,1,2.0
17,4.0,2.0,3.0,6.0,2.0,1.0,-0.34,2,2.0
26,4.923076923076923,2.0,2.0,6.0,7.0,2.0,-0.4215,3,2.0
14,4.714285714285714,1.0,2.0,3.0,2.0,0.0,-0.5994,2,2.0
11,5.454545454545454,0.0,3.0,3.0,1.0,1.0,0.0,0,2.0
11,5.0,1.0,0.0,4.0,3.0,0.0,0.0,1,2.0
13,4.461538461538462,2.0,1.0,4.0,2.0,2.0,-0.4754,2,2.0
14,4.857142857142857,1.0,1.0,1.0,4.0,1.0,0.0,0,2.0
22,4.318181818181818,2.0,0.0,7.0,5.0,3.0,0.0,0,2.0
18,4.722222222222222,1.0,0.0,9.0,5.0,1.0,0.0,3,2.0
13,5.076923076923077,0.0,0.0,6.0,2.0,3.0,0.6908,0,2.0
18,5.833333333333333,1.0,3.0,6.0,3.0,1.0,0.0258,0,2.0
17,5.294117647058823,2.0,2.0,7.0,2.0,2.0,0.3612,1,2.0
19,4.578947368421052,2.0,2.0,5.0,4.0,0.0,0.7906,1,2.0
13,5.538461538461538,0.0,1.0,7.0,3.0,1.0,0.4939,1,2.0
26,5.038461538461538,0.0,2.0,10.0,6.0,2.0,0.0,1,2.0
16,4.0,0.0,0.0,5.0,3.0,1.0,0.0,1,2.0
14,4.071428571428571,0.0,2.0,4.0,2.0,0.0,0.0,2,2.0
26,3.9615384615384617,1.0,0.0,9.0,5.0,2.0,0.0,4,2.0
13,3.230769230769231,0.0,2.0,4.0,1.0,2.0,-0.3818,1,2.0
12,5.5,0.0,1.0,6.0,2.0,0.0,0.0,2,2.0
15,4.2,1.0,1.0,4.0,2.0,1.0,-0.5994,1,2.0
22,4.909090909090909,1.0,2.0,5.0,5.0,2.0,0.3182,1,2.0
17,4.823529411764706,0.0,2.0,7.0,2.0,2.0,0.4939,2,2.0
17,5.529411764705882,2.0,0.0,7.0,3.0,2.0,-0.296,2,2.0
14,4.5,0.0,0.0,6.0,3.0,2.0,0.4939,1,2.0
12,4.083333333333333,1.0,1.0,2.0,3.0,1.0,-0.7783,0,2.0
8,5.375,0.0,1.0,3.0,3.0,0.0,-0.4019,1,2.0
16,4.375,0.0,1.0,5.0,2.0,2.0,0.7096,1,2.0
31,4.741935483870968,1.0,4.0,10.0,5.0,3.0,-0.2023,3,2.0
10,5.9,1.0,1.0,4.0,3.0,0.0,-0.8225,2,2.0
11,3.636363636363636,0.0,1.0,3.0,3.0,1.0,0.0,1,2.0
4,4.25,1.0,0.0,1.0,1.0,0.0,0.25,0,2.0
14,5.071428571428571,2.0,3.0,3.0,3.0,2.0,-0.1027,2,2.0
13,4.769230769230769,0.0,3.0,4.0,3.0,0.0,0.0,2,2.0
19,4.684210526315789,0.0,3.0,4.0,5.0,2.0,-0.7579,1,2.0
7,3.571428571428572,0.0,1.0,3.0,1.0,0.0,-0.6124,1,2.0
17,4.235294117647059,0.0,3.0,6.0,2.0,2.0,-0.296,1,2.0
10,5.2,0.0,0.0,6.0,3.0,0.0,0.0,2,2.0
11,5.0,0.0,2.0,5.0,2.0,2.0,0.5859,0,2.0
12,5.083333333333333,0.0,2.0,8.0,1.0,0.0,0.0,2,2.0
12,5.416666666666667,1.0,2.0,5.0,2.0,0.0,0.34,1,2.0
6,4.333333333333333,0.0,0.0,1.0,3.0,1.0,0.0,0,2.0
9,4.888888888888889,1.0,2.0,4.0,2.0,0.0,-0.0276,1,2.0
9,4.111111111111111,0.0,1.0,3.0,1.0,0.0,-0.3182,2,2.0
19,4.0,1.0,0.0,4.0,4.0,3.0,-0.4019,1,2.0
10,4.5,0.0,0.0,4.0,3.0,0.0,-0.6705,0,2.0
17,4.647058823529412,0.0,1.0,4.0,5.0,2.0,0.7783,0,2.0
22,5.181818181818182,2.0,3.0,7.0,6.0,0.0,-0.3071,2,2.0
14,5.5,1.0,1.0,5.0,1.0,3.0,-0.3597,0,2.0
27,4.25925925925926,2.0,5.0,6.0,3.0,3.0,-0.7703,2,2.0
12,4.416666666666667,1.0,1.0,3.0,4.0,1.0,0.1779,0,2.0
16,5.125,0.0,3.0,5.0,2.0,2.0,0.0,2,2.0
9,4.555555555555555,0.0,1.0,4.0,1.0,2.0,0.2263,1,2.0
17,4.117647058823529,1.0,1.0,4.0,4.0,2.0,0.4215,2,2.0
14,5.0,0.0,3.0,8.0,0.0,0.0,-0.2263,4,2.0
21,4.285714285714286,0.0,1.0,7.0,3.0,0.0,-0.4588,3,2.0
11,5.727272727272728,1.0,0.0,5.0,2.0,0.0,0.25,0,2.0
27,4.25925925925926,0.0,4.0,10.0,3.0,2.0,0.4939,2,2.0
22,4.909090909090909,1.0,2.0,6.0,3.0,2.0,0.2732,2,2.0
15,4.266666666666667,1.0,1.0,5.0,5.0,0.0,0.0,1,2.0
8,5.0,0.0,2.0,2.0,3.0,0.0,0.0,1,2.0
10,4.6,2.0,1.0,3.0,3.0,0.0,-0.8807,1,2.0
11,6.0,0.0,1.0,6.0,2.0,0.0,0.4019,2,2.0
13,5.846153846153846,2.0,1.0,2.0,3.0,1.0,-0.7529,0,2.0
20,4.35,0.0,2.0,5.0,6.0,1.0,0.4767,1,2.0
11,4.181818181818182,0.0,2.0,3.0,1.0,2.0,0.0,1,2.0
10,3.4,2.0,2.0,2.0,1.0,1.0,0.0,0,2.0
16,4.3125,2.0,1.0,7.0,2.0,2.0,0.3384,2,2.0
24,4.333333333333333,0.0,4.0,7.0,7.0,1.0,-0.6597,2,2.0
11,5.545454545454546,0.0,0.0,5.0,2.0,1.0,-0.6597,2,2.0
19,3.631578947368421,0.0,2.0,6.0,4.0,2.0,0.0,2,2.0
15,4.6,0.0,1.0,5.0,5.0,1.0,-0.3182,1,2.0
11,5.0,2.0,1.0,3.0,2.0,0.0,-0.5423,2,2.0
23,4.608695652173913,0.0,2.0,9.0,2.0,3.0,0.0,0,2.0
19,4.157894736842105,0.0,0.0,5.0,5.0,2.0,0.0,1,2.0
17,4.823529411764706,0.0,1.0,5.0,3.0,2.0,0.0,0,2.0
10,4.9,1.0,0.0,2.0,4.0,0.0,-0.8176,1,2.0
23,5.086956521739131,0.0,3.0,5.0,4.0,0.0,0.6124,3,2.0
30,5.3,0.0,3.0,12.0,4.0,3.0,0.4404,4,2.0
17,5.411764705882353,0.0,1.0,10.0,1.0,1.0,-0.4019,1,2.0
18,5.166666666666667,2.0,3.0,6.0,1.0,3.0,0.6494,1,2.0
10,5.6,0.0,3.0,3.0,2.0,1.0,-0.4404,1,2.0
17,5.705882352941177,1.0,3.0,6.0,4.0,1.0,0.128,2,2.0
14,4.0,1.0,0.0,4.0,2.0,1.0,-0.3818,1,2.0
10,4.1,0.0,0.0,3.0,3.0,1.0,-0.1027,0,2.0
17,4.176470588235294,0.0,0.0,4.0,4.0,1.0,0.0,3,2.0
14,5.142857142857143,0.0,1.0,4.0,5.0,0.0,0.3818,1,2.0
14,5.142857142857143,0.0,0.0,4.0,4.0,3.0,0.0,1,2.0
23,3.9565217391304346,1.0,4.0,9.0,4.0,2.0,-0.1027,2,2.0
16,5.25,1.0,0.0,8.0,3.0,2.0,0.6908,1,2.0
10,5.3,0.0,2.0,4.0,0.0,1.0,-0.5574,1,2.0
17,5.529411764705882,1.0,4.0,6.0,3.0,1.0,0.0,1,2.0
10,5.6,0.0,3.0,3.0,1.0,1.0,0.0,2,2.0
11,5.0,1.0,0.0,4.0,3.0,1.0,-0.6249,2,2.0
17,5.0,1.0,2.0,3.0,6.0,0.0,0.0,1,2.0
19,5.0,0.0,3.0,5.0,5.0,2.0,-0.296,2,2.0
13,5.0,1.0,3.0,6.0,1.0,0.0,0.0,1,2.0
13,4.153846153846154,1.0,2.0,2.0,2.0,2.0,0.4404,0,2.0
20,4.6,0.0,0.0,7.0,3.0,2.0,-0.4019,1,2.0
17,4.117647058823529,1.0,1.0,4.0,5.0,1.0,0.3182,2,2.0
17,5.352941176470588,0.0,3.0,5.0,3.0,2.0,0.0,1,2.0
14,4.428571428571429,0.0,2.0,5.0,1.0,2.0,-0.5106,0,2.0
13,5.923076923076923,0.0,2.0,5.0,2.0,0.0,-0.5574,1,2.0
23,5.478260869565218,2.0,3.0,5.0,6.0,3.0,0.4215,1,2.0
29,5.448275862068965,1.0,1.0,10.0,5.0,2.0,-0.8519,1,2.0
17,5.117647058823529,0.0,3.0,5.0,2.0,1.0,0.128,2,2.0
11,4.181818181818182,1.0,2.0,2.0,1.0,1.0,-0.3612,1,2.0
20,4.45,0.0,3.0,6.0,3.0,2.0,0.0,4,2.0
9,5.444444444444445,0.0,0.0,4.0,2.0,1.0,0.0,2,2.0
13,3.3846153846153846,0.0,2.0,2.0,4.0,0.0,-0.0,0,2.0
25,4.72,1.0,3.0,8.0,5.0,2.0,0.8126,1,2.0
13,4.6923076923076925,2.0,1.0,4.0,3.0,2.0,0.3353,1,2.0
21,5.571428571428571,1.0,4.0,5.0,5.0,2.0,0.8481,1,2.0
18,4.444444444444445,0.0,3.0,7.0,3.0,1.0,0.5106,0,2.0
10,3.7,0.0,0.0,3.0,3.0,0.0,0.0,1,2.0
25,4.0,1.0,2.0,6.0,5.0,2.0,-0.3818,3,2.0
12,5.0,0.0,1.0,4.0,1.0,1.0,0.4019,0,2.0
24,4.541666666666667,1.0,4.0,8.0,3.0,2.0,-0.4767,0,2.0
16,3.6875,0.0,3.0,4.0,3.0,2.0,0.0,2,2.0
15,4.4,1.0,4.0,5.0,1.0,2.0,-0.1406,0,2.0
14,5.214285714285714,0.0,0.0,7.0,2.0,2.0,-0.4019,2,2.0
12,4.583333333333333,1.0,1.0,5.0,2.0,0.0,-0.4445,2,2.0
15,4.333333333333333,0.0,2.0,5.0,3.0,0.0,0.296,2,2.0
23,3.5217391304347827,1.0,2.0,4.0,6.0,3.0,0.0,0,2.0
12,5.833333333333333,0.0,1.0,6.0,2.0,1.0,0.0,0,2.0
10,5.5,1.0,1.0,4.0,1.0,1.0,0.3182,1,2.0
14,5.285714285714286,1.0,2.0,3.0,2.0,3.0,0.0,2,2.0
12,4.75,0.0,1.0,3.0,3.0,1.0,-0.128,0,2.0
16,4.375,0.0,0.0,6.0,4.0,0.0,0.0,1,2.0
24,3.7916666666666665,0.0,1.0,6.0,4.0,3.0,-0.296,1,2.0
12,4.666666666666667,1.0,0.0,4.0,3.0,1.0,0.0,1,2.0
14,3.2142857142857144,0.0,2.0,2.0,4.0,0.0,0.0,1,2.0
25,4.44,1.0,4.0,8.0,3.0,3.0,0.3612,3,2.0
8,4.875,0.0,0.0,3.0,3.0,0.0,-0.5574,1,2.0
10,5.2,1.0,0.0,4.0,2.0,1.0,-0.4588,0,2.0
22,4.0,0.0,2.0,5.0,7.0,1.0,-0.1779,2,2.0
9,4.555555555555555,1.0,2.0,3.0,1.0,0.0,0.0,2,2.0
17,5.647058823529412,2.0,3.0,5.0,2.0,1.0,-0.7823,0,2.0
7,4.571428571428571,0.0,1.0,3.0,2.0,1.0,0.4939,0,2.0
17,4.529411764705882,1.0,3.0,5.0,3.0,1.0,0.0,1,2.0
13,4.538461538461538,1.0,1.0,3.0,3.0,1.0,0.0,1,2.0
23,4.478260869565218,1.0,0.0,5.0,6.0,2.0,0.0,0,2.0
17,5.0588235294117645,1.0,1.0,5.0,3.0,2.0,0.0,0,2.0
8,4.625,0.0,3.0,3.0,1.0,1.0,0.0,1,2.0
4,5.0,0.0,0.0,2.0,1.0,0.0,0.0,1,2.0
14,3.5,2.0,2.0,2.0,2.0,1.0,-0.0933,1,2.0
7,4.714285714285714,0.0,0.0,3.0,2.0,0.0,0.0,1,
11,5.454545454545454,0.0,1.0,8.0,2.0,0.0,0.0,1,
11,3.363636363636364,1.0,1.0,3.0,2.0,2.0,0.0,0,
28,4.5,1.0,4.0,8.0,6.0,3.0,-0.3182,1,
9,4.555555555555555,1.0,0.0,2.0,3.0,1.0,-0.296,1,
15,4.6,0.0,4.0,9.0,1.0,0.0,-0.3612,3,
7,4.142857142857143,0.0,0.0,3.0,2.0,0.0,0.0,0,
12,4.416666666666667,0.0,1.0,3.0,3.0,1.0,0.0,1,
11,3.5454545454545454,1.0,0.0,3.0,3.0,1.0,-0.34,0,
10,5.4,0.0,0.0,2.0,4.0,0.0,-0.4939,0,
15,4.466666666666667,1.0,2.0,3.0,3.0,1.0,0.0,0,
14,5.142857142857143,1.0,1.0,4.0,2.0,3.0,-0.3612,1,
16,4.5,0.0,1.0,5.0,4.0,2.0,-0.1027,0,
13,5.6923076923076925,0.0,0.0,6.0,2.0,1.0,0.4019,1,
12,5.083333333333333,0.0,3.0,3.0,1.0,0.0,0.0,0,
21,4.190476190476191,2.0,3.0,2.0,5.0,1.0,-0.2023,0,
20,5.55,0.0,3.0,6.0,5.0,2.0,0.0516,2,
12,5.666666666666667,2.0,2.0,3.0,2.0,0.0,-0.4404,3,
10,5.0,0.0,1.0,6.0,1.0,0.0,0.4215,2,
12,4.25,0.0,1.0,8.0,2.0,0.0,-0.5574,1,
13,4.461538461538462,1.0,2.0,4.0,2.0,2.0,0.5423,1,
9,4.111111111111111,0.0,1.0,2.0,2.0,1.0,0.0772,0,
13,5.6923076923076925,0.0,2.0,5.0,2.0,2.0,0.4767,1,
12,4.166666666666667,0.0,0.0,6.0,1.0,1.0,0.0,2,
12,4.25,1.0,1.0,5.0,3.0,1.0,0.0,1,
15,5.6,1.0,2.0,5.0,3.0,1.0,-0.3612,1,
13,4.461538461538462,0.0,3.0,5.0,1.0,2.0,-0.7003,1,
21,5.142857142857143,1.0,3.0,5.0,5.0,2.0,0.7003,1,
18,5.833333333333333,1.0,3.0,6.0,4.0,2.0,-0.6908,1,
15,5.133333333333334,0.0,1.0,7.0,4.0,0.0,0.0,2,
8,5.375,1.0,2.0,2.0,2.0,1.0,-0.3818,0,
15,4.133333333333334,0.0,2.0,2.0,4.0,2.0,-0.7964,0,
27,4.555555555555555,1.0,5.0,8.0,3.0,0.0,0.4588,2,
30,5.2,0.0,3.0,12.0,3.0,3.0,0.0,3,
27,5.148148148148148,0.0,2.0,13.0,4.0,2.0,0.4215,1,
22,4.727272727272728,1.0,1.0,7.0,5.0,0.0,-0.1779,3,
29,4.931034482758621,1.0,4.0,13.0,5.0,2.0,0.4588,1,
10,4.2,1.0,0.0,5.0,1.0,1.0,-0.8126,1,
12,5.5,1.0,2.0,4.0,3.0,0.0,-0.8709,0,
12,4.25,1.0,3.0,3.0,2.0,1.0,0.0,3,
23,5.565217391304348,1.0,3.0,5.0,5.0,2.0,-0.1685,1,
17,5.411764705882353,2.0,5.0,3.0,4.0,1.0,0.8407,1,
13,4.6923076923076925,0.0,0.0,8.0,2.0,1.0,0.0,1,
12,3.5,1.0,1.0,3.0,2.0,1.0,0.0,0,
19,3.5789473684210527,0.0,1.0,5.0,5.0,1.0,0.2732,1,
13,4.538461538461538,1.0,0.0,3.0,4.0,1.0,0.0,2,
19,5.2105263157894735,2.0,2.0,5.0,5.0,2.0,-0.1779,2,
17,4.0588235294117645,2.0,1.0,2.0,7.0,0.0,-0.0772,1,
13,4.153846153846154,0.0,2.0,3.0,3.0,2.0,0.0,1,
14,5.285714285714286,0.0,1.0,6.0,2.0,2.0,-0.4588,0,
6,5.833333333333333,0.0,1.0,3.0,1.0,0.0,0.0,1,
12,3.6666666666666665,0.0,0.0,4.0,2.0,0.0,0.0,2,
10,5.4,1.0,1.0,3.0,3.0,1.0,-0.296,1,
20,5.05,0.0,1.0,9.0,3.0,3.0,-0.0516,2,2.0
22,5.090909090909091,2.0,4.0,6.0,3.0,1.0,0.5994,1,2.0
18,5.0,0.0,1.0,7.0,4.0,3.0,0.0,1,
23,3.565217391304348,0.0,2.0,11.0,2.0,3.0,-0.4588,2,2.0
12,5.666666666666667,1.0,2.0,5.0,1.0,1.0,0.0,1,2.0
8,4.75,0.0,0.0,3.0,2.0,1.0,-0.4588,1,2.0
10,5.6,1.0,2.0,3.0,2.0,1.0,-0.2023,1,
10,3.0,0.0,0.0,2.0,4.0,1.0,0.0,0,
19,5.0,0.0,1.0,5.0,6.0,3.0,0.128,1,2.0
15,4.533333333333333,0.0,2.0,5.0,3.0,2.0,0.4215,1,2.0
26,4.346153846153846,1.0,1.0,10.0,2.0,3.0,0.4215,3,2.0
21,5.190476190476191,0.0,1.0,11.0,3.0,0.0,-0.4019,2,2.0
11,4.090909090909091,0.0,1.0,4.0,3.0,0.0,0.0,1,2.0
25,3.76,0.0,3.0,7.0,7.0,1.0,0.3612,1,2.0
26,5.538461538461538,1.0,5.0,12.0,3.0,2.0,0.1531,2,2.0
9,4.666666666666667,0.0,1.0,2.0,3.0,1.0,-0.4767,0,2.0
23,5.0,0.0,3.0,7.0,4.0,0.0,0.0,1,2.0
20,4.75,2.0,2.0,7.0,4.0,1.0,-0.4522,3,2.0
15,5.466666666666667,2.0,2.0,4.0,3.0,2.0,0.3321,1,2.0
19,4.473684210526316,0.0,2.0,7.0,2.0,2.0,0.5719,2,2.0
16,3.625,0.0,1.0,4.0,2.0,3.0,0.0,2,2.0
10,4.4,0.0,3.0,4.0,1.0,1.0,-0.3612,1,2.0
22,3.227272727272727,0.0,3.0,5.0,4.0,2.0,0.4019,1,2.0
4,4.0,0.0,0.0,1.0,1.0,0.0,0.5719,0,2.0
13,5.615384615384615,1.0,1.0,4.0,4.0,0.0,-0.1027,2,2.0
15,5.266666666666667,2.0,1.0,5.0,3.0,1.0,0.0,0,2.0
22,5.0,1.0,2.0,8.0,3.0,3.0,0.5719,2,2.0
16,4.0,0.0,1.0,7.0,3.0,1.0,0.3612,3,2.0
16,4.5,1.0,0.0,5.0,2.0,2.0,-0.5859,1,2.0
18,4.833333333333333,0.0,1.0,8.0,5.0,2.0,-0.0258,2,2.0
17,4.823529411764706,0.0,1.0,7.0,2.0,0.0,0.2263,2,2.0
24,3.8333333333333335,1.0,2.0,3.0,6.0,3.0,-0.0258,0,2.0
11,3.5454545454545454,0.0,0.0,2.0,3.0,3.0,0.8126,0,2.0
17,4.529411764705882,2.0,2.0,7.0,2.0,1.0,0.0,3,2.0
25,5.28,0.0,4.0,9.0,2.0,3.0,-0.296,1,2.0
13,4.076923076923077,1.0,0.0,4.0,2.0,0.0,0.8689,2,2.0
7,4.0,1.0,0.0,4.0,1.0,1.0,-0.5267,1,2.0
14,4.642857142857143,2.0,1.0,3.0,3.0,2.0,-0.802,0,2.0
23,4.3478260869565215,2.0,4.0,5.0,4.0,2.0,-0.296,2,2.0
5,5.8,0.0,0.0,3.0,2.0,0.0,-0.4588,1,2.0
24,4.833333333333333,0.0,1.0,10.0,6.0,1.0,0.1531,2,2.0
17,4.235294117647059,0.0,3.0,5.0,4.0,2.0,-0.4019,1,2.0
18,4.611111111111111,0.0,1.0,9.0,3.0,2.0,-0.2263,2,2.0
16,4.5625,1.0,3.0,6.0,3.0,1.0,0.5542,0,2.0
17,3.647058823529412,1.0,1.0,7.0,3.0,0.0,0.0,1,2.0
17,4.941176470588236,0.0,3.0,6.0,1.0,2.0,-0.5994,1,2.0
14,4.714285714285714,1.0,0.0,2.0,6.0,0.0,0.4939,1,2.0
20,5.25,0.0,3.0,13.0,2.0,1.0,-0.5994,4,2.0
17,4.941176470588236,0.0,1.0,6.0,3.0,2.0,0.0,1,2.0
16,3.375,0.0,2.0,7.0,2.0,2.0,0.34,2,2.0
11,5.636363636363637,0.0,1.0,4.0,3.0,0.0,-0.5423,1,2.0
7,5.0,0.0,2.0,2.0,1.0,0.0,-0.5574,1,2.0
7,4.285714285714286,0.0,1.0,2.0,1.0,1.0,-0.4767,0,2.0
19,4.421052631578948,1.0,2.0,4.0,6.0,2.0,0.0,0,2.0
14,4.214285714285714,1.0,1.0,2.0,3.0,2.0,0.0,0,2.0
11,4.181818181818182,1.0,0.0,3.0,3.0,2.0,0.0516,2,2.0
18,5.611111111111111,2.0,1.0,5.0,5.0,0.0,-0.2732,1,2.0
4,5.25,1.0,1.0,1.0,1.0,0.0,0.5719,0,2.0
16,4.4375,0.0,3.0,4.0,3.0,0.0,0.2732,0,2.0
14,4.357142857142857,1.0,0.0,4.0,4.0,1.0,0.0,1,2.0
6,4.5,1.0,0.0,1.0,2.0,1.0,0.5719,0,2.0
12,4.833333333333333,0.0,1.0,6.0,3.0,0.0,0.4404,2,2.0
20,4.5,1.0,3.0,6.0,4.0,0.0,0.0,2,2.0
8,4.75,0.0,1.0,1.0,3.0,1.0,0.0,0,2.0
15,4.533333333333333,0.0,2.0,5.0,3.0,1.0,0.0772,0,2.0
24,4.375,1.0,3.0,6.0,4.0,2.0,-0.5719,4,2.0
12,4.833333333333333,0.0,1.0,4.0,3.0,1.0,0.4215,0,2.0
12,4.083333333333333,0.0,0.0,4.0,2.0,3.0,0.0,0,2.0
28,4.107142857142857,0.0,4.0,7.0,7.0,2.0,0.6369,2,2.0
6,4.166666666666667,0.0,0.0,2.0,2.0,1.0,0.0,0,2.0
16,5.125,1.0,2.0,3.0,3.0,1.0,-0.3182,0,2.0
8,4.75,0.0,0.0,3.0,2.0,1.0,0.34,1,2.0
8,4.25,0.0,1.0,3.0,3.0,0.0,0.0,1,2.0
14,4.785714285714286,1.0,4.0,3.0,3.0,1.0,0.4741,1,2.0
9,5.222222222222222,1.0,1.0,2.0,2.0,0.0,0.0,1,2.0
17,4.882352941176471,0.0,1.0,4.0,4.0,2.0,0.0,1,2.0
14,5.428571428571429,0.0,1.0,3.0,5.0,2.0,0.0,1,2.0
12,6.0,0.0,2.0,3.0,2.0,2.0,-0.4939,2,2.0
12,4.583333333333333,0.0,0.0,4.0,3.0,0.0,0.0,0,2.0
16,5.0625,0.0,1.0,7.0,2.0,3.0,0.128,1,2.0
10,4.1,2.0,0.0,3.0,3.0,1.0,0.0,1,2.0
9,4.555555555555555,0.0,1.0,3.0,3.0,1.0,0.4404,1,2.0
13,5.384615384615385,0.0,0.0,5.0,4.0,1.0,-0.6249,3,2.0
23,4.3478260869565215,2.0,3.0,5.0,4.0,2.0,0.128,2,2.0
20,4.3,1.0,3.0,4.0,3.0,2.0,0.296,0,2.0
6,5.5,0.0,0.0,4.0,0.0,1.0,-0.6597,0,2.0
14,4.214285714285714,1.0,1.0,4.0,4.0,1.0,0.6115,1,2.0
15,5.0,0.0,0.0,5.0,5.0,0.0,-0.6486,3,2.0
19,4.0,1.0,1.0,4.0,5.0,1.0,0.2732,1,2.0
16,3.9375,1.0,3.0,5.0,3.0,0.0,-0.296,2,2.0
17,4.588235294117647,0.0,1.0,7.0,2.0,2.0,0.4019,2,2.0
12,4.166666666666667,0.0,1.0,5.0,1.0,2.0,0.128,1,2.0
14,5.357142857142857,0.0,2.0,5.0,2.0,2.0,0.3818,2,2.0
6,3.5,0.0,0.0,4.0,1.0,0.0,0.0,1,2.0
23,4.521739130434782,1.0,1.0,8.0,5.0,3.0,-0.7239,0,2.0
16,5.9375,1.0,1.0,7.0,3.0,2.0,-0.3612,2,2.0
14,4.714285714285714,0.0,2.0,5.0,2.0,0.0,-0.5859,1,2.0
11,4.2727272727272725,0.0,1.0,4.0,2.0,2.0,0.4215,1,2.0
15,4.333333333333333,0.0,2.0,4.0,2.0,3.0,0.5719,2,2.0
21,5.238095238095238,1.0,2.0,8.0,4.0,2.0,0.7096,2,2.0
21,4.571428571428571,0.0,2.0,6.0,3.0,2.0,0.3612,2,2.0
18,5.444444444444445,1.0,3.0,6.0,3.0,3.0,-0.128,4,2.0
3,4.333333333333333,0.0,0.0,1.0,2.0,0.0,-0.5423,0,2.0
25,3.4,1.0,3.0,6.0,7.0,1.0,0.0772,0,2.0
18,4.666666666666667,0.0,2.0,5.0,4.0,2.0,-0.8225,1,2.0
18,4.722222222222222,0.0,1.0,9.0,3.0,1.0,-0.5994,2,2.0
16,5.125,0.0,2.0,8.0,2.0,3.0,-0.2263,0,2.0
22,4.909090909090909,1.0,4.0,5.0,4.0,2.0,-0.8,2,2.0
6,3.8333333333333335,0.0,0.0,3.0,1.0,2.0,-0.128,1,2.0
11,4.2727272727272725,0.0,0.0,5.0,3.0,0.0,0.0,1,2.0
9,4.333333333333333,1.0,1.0,3.0,1.0,1.0,-0.4404,0,2.0
9,4.666666666666667,0.0,2.0,2.0,1.0,2.0,-0.5423,1,2.0
15,4.666666666666667,0.0,2.0,3.0,2.0,2.0,-0.128,1,2.0
10,5.0,0.0,1.0,4.0,3.0,1.0,0.0,0,2.0
7,5.0,0.0,1.0,3.0,1.0,0.0,-0.6249,1,2.0
8,4.875,0.0,2.0,3.0,1.0,0.0,-0.6249,1,2.0
7,5.285714285714286,0.0,1.0,3.0,1.0,0.0,-0.6249,1,2.0
16,4.375,1.0,1.0,3.0,4.0,2.0,0.7579,1,2.0
22,4.545454545454546,2.0,2.0,5.0,5.0,2.0,-0.886,2,2.0
11,5.454545454545454,0.0,0.0,5.0,3.0,1.0,0.0,0,2.0
7,4.0,0.0,0.0,4.0,1.0,1.0,0.25,0,2.0
13,5.384615384615385,1.0,2.0,4.0,3.0,1.0,0.0,1,2.0
12,4.833333333333333,0.0,1.0,2.0,2.0,1.0,-0.5106,1,2.0
7,5.142857142857143,0.0,1.0,4.0,2.0,0.0,-0.4019,0,2.0
8,3.875,0.0,1.0,3.0,3.0,1.0,-0.3612,0,2.0
16,4.6875,0.0,1.0,7.0,5.0,1.0,0.0,1,2.0
12,4.5,0.0,2.0,3.0,3.0,1.0,0.0,1,2.0
11,3.272727272727273,1.0,1.0,2.0,3.0,2.0,-0.4588,1,2.0
18,4.0,1.0,3.0,3.0,5.0,2.0,-0.128,1,2.0
13,4.230769230769231,0.0,1.0,5.0,3.0,1.0,0.4404,2,2.0
21,3.857142857142857,1.0,2.0,6.0,4.0,3.0,0.0,0,2.0
13,5.0,1.0,1.0,3.0,6.0,0.0,0.3412,1,2.0
27,4.925925925925926,2.0,2.0,10.0,4.0,2.0,0.0,0,2.0
17,5.764705882352941,1.0,2.0,7.0,1.0,1.0,-0.5574,0,2.0
27,4.148148148148148,0.0,1.0,6.0,5.0,3.0,0.34,1,2.0
15,4.533333333333333,1.0,1.0,3.0,4.0,0.0,0.5719,1,2.0
8,3.875,0.0,1.0,4.0,2.0,0.0,0.0,2,2.0
15,3.933333333333333,1.0,0.0,6.0,5.0,0.0,0.4019,1,2.0
11,5.454545454545454,0.0,2.0,5.0,1.0,1.0,0.0,0,2.0
10,4.8,0.0,0.0,5.0,2.0,0.0,0.0,1,2.0
11,5.636363636363637,0.0,1.0,6.0,3.0,0.0,-0.8885,0,2.0
21,4.666666666666667,0.0,1.0,10.0,4.0,1.0,0.296,2,2.0
17,5.411764705882353,1.0,1.0,5.0,4.0,2.0,0.0,2,2.0
25,4.72,2.0,2.0,6.0,5.0,2.0,0.3134,2,2.0
12,4.75,1.0,2.0,5.0,3.0,0.0,0.0,2,2.0
